Sample ID,Sample Type,Replicate Number,Repeat Number,Cup Number,Manual Dilution Factor,Auto Dilution Factor,Weight (Units),Weight,Units,Detection Date,Detection Time,User Name,Run File Name,Description,Channel Number,Analyte Name,Peak Concentration,Determined Conc.,Concentration Units,Peak Area,Peak Height,Calibration equation,Retention Time,Inject to Peak Start,Conc x ADF,Conc x MDF,Conc x ADF x MDF
CalStd A,Calibration Standard,1,1,S1,1,1,,,,9/27/2016,10:34:28 AM,instrument,OM_9-27-2016_10-33-40AM.OMN,,2,Phosphate,400,0,ug P/L,176,5.16,Conc = 0.00 * Area^3 + 0.00 * Area^2 + 0.00 * Area + 0.00,65.2,34.6,400,400,400
CalStd A,Calibration Standard,1,2,S2,1,1,,,,9/27/2016,10:35:18 AM,instrument,OM_9-27-2016_10-33-40AM.OMN,,2,Phosphate,200,0,ug P/L,102,3.39,Conc = 0.00 * Area^3 + 0.00 * Area^2 + 0.00 * Area + 0.00,63.5,35.9,200,200,200
CalStd B,Calibration Standard,1,1,S2,1,2,,,,9/27/2016,10:38:09 AM,instrument,OM_9-27-2016_10-33-40AM.OMN,,2,Phosphate,100,0,ug P/L,51.2,1.67,Conc = 0.00 * Area^3 + 0.00 * Area^2 + 0.00 * Area + 0.00,63.9,34.6,200,100,200
CalStd C,Calibration Standard,1,1,S2,1,4,,,,9/27/2016,10:40:53 AM,instrument,OM_9-27-2016_10-33-40AM.OMN,,2,Phosphate,50,50,ug P/L,25.8,0.831,Conc = 4.11e-5 * Area^3 - 7.40e-3 * Area^2 + 2.35 * Area - 6.47,63.9,34.2,200,50,200
CalStd D,Calibration Standard,1,1,S2,1,10,,,,9/27/2016,10:43:37 AM,instrument,OM_9-27-2016_10-33-40AM.OMN,,2,Phosphate,20,19.86893,ug P/L,10.2,0.32,Conc = 3.08e-5 * Area^3 - 4.32e-3 * Area^2 + 2.09 * Area - 1.03,63.9,37.1,200,20,200
CalStd E,Calibration Standard,1,1,S2,1,20,,,,9/27/2016,10:47:04 AM,instrument,OM_9-27-2016_10-33-40AM.OMN,,2,Phosphate,10,9.814049,ug P/L,4.85,0.149,Conc = 2.72e-5 * Area^3 - 3.32e-3 * Area^2 + 2.02 * Area + 0.0935,63.9,36.3,200,10,200
CalStd F,Calibration Standard,1,1,S2,1,40,,,,9/27/2016,10:50:08 AM,instrument,OM_9-27-2016_10-33-40AM.OMN,,2,Phosphate,5,4.979389,ug P/L,2.4,0.0724,Conc = 2.69e-5 * Area^3 - 3.23e-3 * Area^2 + 2.02 * Area + 0.158,63.5,37.1,200,5,200
CalStd G,Calibration Standard,1,1,S3,1,1,,,,9/27/2016,10:50:58 AM,instrument,OM_9-27-2016_10-33-40AM.OMN,,2,Phosphate,0,-3.86E-02,ug P/L,-0.122,-0.0026,Conc = 2.65e-5 * Area^3 - 3.13e-3 * Area^2 + 2.01 * Area + 0.207,42.9,20.2,0,0,0
Ext Source QC,Method Detection Limit,1,1,S16,1,1,,,,9/27/2016,10:51:51 AM,instrument,OM_9-27-2016_10-33-40AM.OMN,VHG YASUCM-500 1:200 Dilution,2,Phosphate,4.94,,ug P/L,2.36,0.072,Conc = 2.65e-5 * Area^3 - 3.13e-3 * Area^2 + 2.01 * Area + 0.207,62.7,37.9,4.94,4.94,4.94
Ext Source QC,Method Detection Limit,2,1,S16,1,1,,,,9/27/2016,10:52:44 AM,instrument,OM_9-27-2016_10-33-40AM.OMN,VHG YASUCM-500 1:200 Dilution,2,Phosphate,4.97,,ug P/L,2.38,0.0727,Conc = 2.65e-5 * Area^3 - 3.13e-3 * Area^2 + 2.01 * Area + 0.207,64.3,37.5,4.97,4.97,4.97
Ext Source QC,Method Detection Limit,3,1,S16,1,1,,,,9/27/2016,10:53:36 AM,instrument,OM_9-27-2016_10-33-40AM.OMN,VHG YASUCM-500 1:200 Dilution,2,Phosphate,4.95,,ug P/L,2.37,0.0726,Conc = 2.65e-5 * Area^3 - 3.13e-3 * Area^2 + 2.01 * Area + 0.207,63.1,37.5,4.95,4.95,4.95
Dilution check,Check Standard,1,1,S15,1,100,,,,9/27/2016,11:00:31 AM,instrument,OM_9-27-2016_10-33-40AM.OMN,,2,Phosphate,5.28,5.276531,ug P/L,2.53,0.0763,Conc = 2.65e-5 * Area^3 - 3.13e-3 * Area^2 + 2.01 * Area + 0.207,63.9,38.4,528,5.28,528
Blank,Check Standard,1,1,S3,1,1,,,,9/27/2016,11:01:22 AM,instrument,OM_9-27-2016_10-33-40AM.OMN,,2,Phosphate,-0.0936,-0.0936265,ug P/L,-0.15,-0.00309,Conc = 2.65e-5 * Area^3 - 3.13e-3 * Area^2 + 2.01 * Area + 0.207,44.9,19,-0.0936,-0.0936,-0.0936
CCV,Check Standard,1,1,S2,1,4,,,,9/27/2016,11:04:06 AM,instrument,OM_9-27-2016_10-33-40AM.OMN,,2,Phosphate,50.3,50.28842,ug P/L,25.7,0.827,Conc = 2.65e-5 * Area^3 - 3.13e-3 * Area^2 + 2.01 * Area + 0.207,63.9,36.3,201,50.3,201
H19 TOP,Unknown,1,1,1,1,1,,,,9/27/2016,11:08:43 AM,instrument,OM_9-27-2016_10-33-40AM.OMN,,2,Phosphate,-55.8,,ug P/L,-26.5,7.66,Conc = 2.65e-5 * Area^3 - 3.13e-3 * Area^2 + 2.01 * Area + 0.207,37.9,34.2,-55.8,-55.8,-55.8
H19 BOT,Unknown,1,1,2,1,1,,,,9/27/2016,11:09:34 AM,instrument,OM_9-27-2016_10-33-40AM.OMN,,2,Phosphate,428,,ug P/L,184,8.81,Conc = 2.65e-5 * Area^3 - 3.13e-3 * Area^2 + 2.01 * Area + 0.207,37.1,32.2,428,428,428
W18 TOP,Unknown,1,1,3,1,1,,,,9/27/2016,11:10:25 AM,instrument,OM_9-27-2016_10-33-40AM.OMN,,2,Phosphate,147,,ug P/L,76.1,8.67,Conc = 2.65e-5 * Area^3 - 3.13e-3 * Area^2 + 2.01 * Area + 0.207,40.8,30.1,147,147,147
W18 BOT,Unknown,1,1,4,1,1,,,,9/27/2016,11:11:16 AM,instrument,OM_9-27-2016_10-33-40AM.OMN,,2,Phosphate,37.6,,ug P/L,19.1,3.46,Conc = 2.65e-5 * Area^3 - 3.13e-3 * Area^2 + 2.01 * Area + 0.207,136,135,37.6,37.6,37.6
AA9 TOP,Unknown,1,1,5,1,1,,,,9/27/2016,11:12:07 AM,instrument,OM_9-27-2016_10-33-40AM.OMN,,2,Phosphate,172,,ug P/L,88.5,10.5,Conc = 2.65e-5 * Area^3 - 3.13e-3 * Area^2 + 2.01 * Area + 0.207,33.4,29.3,172,172,172
AA9 BOT,Unknown,1,1,6,1,1,,,,9/27/2016,11:12:58 AM,instrument,OM_9-27-2016_10-33-40AM.OMN,,2,Phosphate,-157,,ug P/L,-67.2,7.53,Conc = 2.65e-5 * Area^3 - 3.13e-3 * Area^2 + 2.01 * Area + 0.207,37.5,31.3,-157,-157,-157
S13 TOP,Unknown,1,1,7,1,1,,,,9/27/2016,11:13:49 AM,instrument,OM_9-27-2016_10-33-40AM.OMN,,2,Phosphate,138,,ug P/L,71.5,9.94,Conc = 2.65e-5 * Area^3 - 3.13e-3 * Area^2 + 2.01 * Area + 0.207,46.2,26,138,138,138
S13 BOT,Unknown,1,1,8,1,1,,,,9/27/2016,11:14:39 AM,instrument,OM_9-27-2016_10-33-40AM.OMN,,2,Phosphate,-182,,ug P/L,-75.8,7.63,Conc = 2.65e-5 * Area^3 - 3.13e-3 * Area^2 + 2.01 * Area + 0.207,36.7,32.6,-182,-182,-182
W16 TOP,Unknown,1,1,9,1,1,,,,9/27/2016,11:15:29 AM,instrument,OM_9-27-2016_10-33-40AM.OMN,,2,Phosphate,-99.8,,ug P/L,-45.3,9.17,Conc = 2.65e-5 * Area^3 - 3.13e-3 * Area^2 + 2.01 * Area + 0.207,36.7,27.6,-99.8,-99.8,-99.8
W16 BOT,Unknown,1,1,10,1,1,,,,9/27/2016,11:16:20 AM,instrument,OM_9-27-2016_10-33-40AM.OMN,,2,Phosphate,527,,ug P/L,209,8.41,Conc = 2.65e-5 * Area^3 - 3.13e-3 * Area^2 + 2.01 * Area + 0.207,37.5,25.2,527,527,527
Blank,Check Standard,1,2,S3,1,1,,,,9/27/2016,11:17:10 AM,instrument,OM_9-27-2016_10-33-40AM.OMN,,2,Phosphate,-0.131,-0.1308732,ug P/L,-0.168,-0.00574,Conc = 2.65e-5 * Area^3 - 3.13e-3 * Area^2 + 2.01 * Area + 0.207,42.1,18.6,-0.131,-0.131,-0.131
CCV,Check Standard,1,2,S2,1,4,,,,9/27/2016,11:19:54 AM,instrument,OM_9-27-2016_10-33-40AM.OMN,,2,Phosphate,50.8,50.75526,ug P/L,26,0.83,Conc = 2.65e-5 * Area^3 - 3.13e-3 * Area^2 + 2.01 * Area + 0.207,63.9,35.9,203,50.8,203
AA20 TOP,Unknown,1,1,11,1,1,,,,9/27/2016,11:24:29 AM,instrument,OM_9-27-2016_10-33-40AM.OMN,,2,Phosphate,82,,ug P/L,42.5,6.4,Conc = 2.65e-5 * Area^3 - 3.13e-3 * Area^2 + 2.01 * Area + 0.207,57.7,33.4,82,82,82
AA20 BOT,Unknown,1,1,12,1,1,,,,9/27/2016,11:25:19 AM,instrument,OM_9-27-2016_10-33-40AM.OMN,,2,Phosphate,23.6,,ug P/L,11.8,9.41,Conc = 2.65e-5 * Area^3 - 3.13e-3 * Area^2 + 2.01 * Area + 0.207,38.8,27.2,23.6,23.6,23.6
AA11 TOP,Unknown,1,1,13,1,1,,,,9/27/2016,11:26:09 AM,instrument,OM_9-27-2016_10-33-40AM.OMN,,2,Phosphate,71.7,,ug P/L,37,9.16,Conc = 2.65e-5 * Area^3 - 3.13e-3 * Area^2 + 2.01 * Area + 0.207,45.8,27.6,71.7,71.7,71.7
AA11 BOT,Unknown,1,1,14,1,1,,,,9/27/2016,11:26:59 AM,instrument,OM_9-27-2016_10-33-40AM.OMN,,2,Phosphate,462,,ug P/L,193,10.5,Conc = 2.65e-5 * Area^3 - 3.13e-3 * Area^2 + 2.01 * Area + 0.207,35.5,30.9,462,462,462
V21 TOP,Unknown,1,1,15,1,1,,,,9/27/2016,11:27:49 AM,instrument,OM_9-27-2016_10-33-40AM.OMN,,2,Phosphate,365,,ug P/L,165,6.29,Conc = 2.65e-5 * Area^3 - 3.13e-3 * Area^2 + 2.01 * Area + 0.207,45.8,24.7,365,365,365
R10 TOP,Unknown,1,1,16,1,1,,,,9/27/2016,11:28:40 AM,instrument,OM_9-27-2016_10-33-40AM.OMN,,2,Phosphate,635,,ug P/L,233,7.76,Conc = 2.65e-5 * Area^3 - 3.13e-3 * Area^2 + 2.01 * Area + 0.207,37.5,26,635,635,635
U16 TOP,Unknown,1,1,17,1,1,,,,9/27/2016,11:29:32 AM,instrument,OM_9-27-2016_10-33-40AM.OMN,,2,Phosphate,216,,ug P/L,109,8.08,Conc = 2.65e-5 * Area^3 - 3.13e-3 * Area^2 + 2.01 * Area + 0.207,54.8,28,216,216,216
V14 TOP,Unknown,1,1,18,1,1,,,,9/27/2016,11:30:23 AM,instrument,OM_9-27-2016_10-33-40AM.OMN,,2,Phosphate,662,,ug P/L,239,9.21,Conc = 2.65e-5 * Area^3 - 3.13e-3 * Area^2 + 2.01 * Area + 0.207,37.1,26,662,662,662
J6 TOP,Unknown,1,1,19,1,1,,,,9/27/2016,11:31:15 AM,instrument,OM_9-27-2016_10-33-40AM.OMN,,2,Phosphate,317,,ug P/L,149,5.86,Conc = 2.65e-5 * Area^3 - 3.13e-3 * Area^2 + 2.01 * Area + 0.207,41.2,26.8,317,317,317
J6 BOT,Unknown,1,1,20,1,1,,,,9/27/2016,11:32:06 AM,instrument,OM_9-27-2016_10-33-40AM.OMN,,2,Phosphate,468,,ug P/L,194,7.58,Conc = 2.65e-5 * Area^3 - 3.13e-3 * Area^2 + 2.01 * Area + 0.207,37.5,26,468,468,468
Blank,Check Standard,1,3,S3,1,1,,,,9/27/2016,11:32:56 AM,instrument,OM_9-27-2016_10-33-40AM.OMN,,2,Phosphate,-0.79,-0.7900647,ug P/L,-0.496,-0.00741,Conc = 2.65e-5 * Area^3 - 3.13e-3 * Area^2 + 2.01 * Area + 0.207,46.6,19.8,-0.79,-0.79,-0.79
CCV,Check Standard,1,3,S2,1,4,,,,9/27/2016,11:35:39 AM,instrument,OM_9-27-2016_10-33-40AM.OMN,,2,Phosphate,50.6,50.6347,ug P/L,25.9,0.829,Conc = 2.65e-5 * Area^3 - 3.13e-3 * Area^2 + 2.01 * Area + 0.207,63.9,36.7,203,50.6,203
AD21 TOP,Unknown,1,1,21,1,1,,,,9/27/2016,11:40:16 AM,instrument,OM_9-27-2016_10-33-40AM.OMN,,2,Phosphate,-307,,ug P/L,-114,5.83,Conc = 2.65e-5 * Area^3 - 3.13e-3 * Area^2 + 2.01 * Area + 0.207,41.2,31.3,-307,-307,-307
AD21 BOT,Unknown,1,1,22,1,1,,,,9/27/2016,11:41:07 AM,instrument,OM_9-27-2016_10-33-40AM.OMN,,2,Phosphate,193,,ug P/L,98.3,8.43,Conc = 2.65e-5 * Area^3 - 3.13e-3 * Area^2 + 2.01 * Area + 0.207,37.5,32.2,193,193,193
H8 TOP,Unknown,1,1,23,1,1,,,,9/27/2016,11:41:58 AM,instrument,OM_9-27-2016_10-33-40AM.OMN,,2,Phosphate,1050,,ug P/L,302,8.6,Conc = 2.65e-5 * Area^3 - 3.13e-3 * Area^2 + 2.01 * Area + 0.207,44.1,25.6,1050,1050,1050
H8 BOT,Unknown,1,1,24,1,1,,,,9/27/2016,11:42:49 AM,instrument,OM_9-27-2016_10-33-40AM.OMN,,2,Phosphate,63.8,,ug P/L,32.9,1.06,Conc = 2.65e-5 * Area^3 - 3.13e-3 * Area^2 + 2.01 * Area + 0.207,63.9,36.3,63.8,63.8,63.8
BLANK 1,Unknown,1,1,25,1,1,,,,9/27/2016,11:43:39 AM,instrument,OM_9-27-2016_10-33-40AM.OMN,,2,Phosphate,70.5,,ug P/L,36.4,3.72,Conc = 2.65e-5 * Area^3 - 3.13e-3 * Area^2 + 2.01 * Area + 0.207,63.5,30.5,70.5,70.5,70.5
Z10 TOP,Unknown,1,1,26,1,1,,,,9/27/2016,11:44:29 AM,instrument,OM_9-27-2016_10-33-40AM.OMN,,2,Phosphate,84.8,,ug P/L,44,1.38,Conc = 2.65e-5 * Area^3 - 3.13e-3 * Area^2 + 2.01 * Area + 0.207,63.5,35.5,84.8,84.8,84.8
Z10 BOT,Unknown,1,1,27,1,1,,,,9/27/2016,11:45:19 AM,instrument,OM_9-27-2016_10-33-40AM.OMN,,2,Phosphate,67.8,,ug P/L,35,2.7,Conc = 2.65e-5 * Area^3 - 3.13e-3 * Area^2 + 2.01 * Area + 0.207,59.8,39.2,67.8,67.8,67.8
R18 TOP,Unknown,1,1,28,1,1,,,,9/27/2016,11:46:09 AM,instrument,OM_9-27-2016_10-33-40AM.OMN,,2,Phosphate,299,,ug P/L,142,5.48,Conc = 2.65e-5 * Area^3 - 3.13e-3 * Area^2 + 2.01 * Area + 0.207,61,30.9,299,299,299
U12 TOP,Unknown,1,1,29,1,1,,,,9/27/2016,11:46:59 AM,instrument,OM_9-27-2016_10-33-40AM.OMN,,2,Phosphate,90.8,,ug P/L,47.2,2.18,Conc = 2.65e-5 * Area^3 - 3.13e-3 * Area^2 + 2.01 * Area + 0.207,67.2,31.8,90.8,90.8,90.8
L18 TOP,Unknown,1,1,30,1,1,,,,9/27/2016,11:47:49 AM,instrument,OM_9-27-2016_10-33-40AM.OMN,,2,Phosphate,124,,ug P/L,64.7,4.07,Conc = 2.65e-5 * Area^3 - 3.13e-3 * Area^2 + 2.01 * Area + 0.207,49.9,30.5,124,124,124
Blank,Check Standard,1,4,S3,1,1,,,,9/27/2016,11:48:39 AM,instrument,OM_9-27-2016_10-33-40AM.OMN,,2,Phosphate,0.117,0.1172019,ug P/L,-0.0447,-0.00247,Conc = 2.65e-5 * Area^3 - 3.13e-3 * Area^2 + 2.01 * Area + 0.207,30.9,19,0.117,0.117,0.117
CCV,Check Standard,1,4,S2,1,4,,,,9/27/2016,11:51:23 AM,instrument,OM_9-27-2016_10-33-40AM.OMN,,2,Phosphate,50.6,50.63916,ug P/L,25.9,0.966,Conc = 2.65e-5 * Area^3 - 3.13e-3 * Area^2 + 2.01 * Area + 0.207,70.9,35.9,203,50.6,203
L18 BOT,Unknown,1,1,31,1,1,,,,9/27/2016,11:56:00 AM,instrument,OM_9-27-2016_10-33-40AM.OMN,,2,Phosphate,95.8,,ug P/L,49.8,2.59,Conc = 2.65e-5 * Area^3 - 3.13e-3 * Area^2 + 2.01 * Area + 0.207,63.5,32.2,95.8,95.8,95.8
V20 TOP,Unknown,1,1,32,1,1,,,,9/27/2016,11:56:52 AM,instrument,OM_9-27-2016_10-33-40AM.OMN,,2,Phosphate,111,,ug P/L,57.9,2.61,Conc = 2.65e-5 * Area^3 - 3.13e-3 * Area^2 + 2.01 * Area + 0.207,48.7,30.5,111,111,111
V20 BOT,Unknown,1,1,33,1,1,,,,9/27/2016,11:57:43 AM,instrument,OM_9-27-2016_10-33-40AM.OMN,,2,Phosphate,107,,ug P/L,55.7,4.54,Conc = 2.65e-5 * Area^3 - 3.13e-3 * Area^2 + 2.01 * Area + 0.207,47.4,30.5,107,107,107
AC7 TOP,Unknown,1,1,34,1,1,,,,9/27/2016,11:58:35 AM,instrument,OM_9-27-2016_10-33-40AM.OMN,,2,Phosphate,150,,ug P/L,77.6,3.41,Conc = 2.65e-5 * Area^3 - 3.13e-3 * Area^2 + 2.01 * Area + 0.207,58.1,31.3,150,150,150
AC7 BOT,Unknown,1,1,35,1,1,,,,9/27/2016,11:59:26 AM,instrument,OM_9-27-2016_10-33-40AM.OMN,,2,Phosphate,129,,ug P/L,67.3,4.91,Conc = 2.65e-5 * Area^3 - 3.13e-3 * Area^2 + 2.01 * Area + 0.207,44.5,29.3,129,129,129
AA17 TOP,Unknown,1,1,36,1,1,,,,9/27/2016,12:00:17 PM,instrument,OM_9-27-2016_10-33-40AM.OMN,,2,Phosphate,145,,ug P/L,75.3,3.81,Conc = 2.65e-5 * Area^3 - 3.13e-3 * Area^2 + 2.01 * Area + 0.207,55.3,30.1,145,145,145
AA17 BOT,Unknown,1,1,37,1,1,,,,9/27/2016,12:01:08 PM,instrument,OM_9-27-2016_10-33-40AM.OMN,,2,Phosphate,8.36,,ug P/L,4.08,0.205,Conc = 2.65e-5 * Area^3 - 3.13e-3 * Area^2 + 2.01 * Area + 0.207,65.6,39.2,8.36,8.36,8.36
X15 TOP,Unknown,1,1,38,1,1,,,,9/27/2016,12:01:59 PM,instrument,OM_9-27-2016_10-33-40AM.OMN,,2,Phosphate,165,,ug P/L,85.1,3.45,Conc = 2.65e-5 * Area^3 - 3.13e-3 * Area^2 + 2.01 * Area + 0.207,59.8,32.6,165,165,165
X15 BOT,Unknown,1,1,39,1,1,,,,9/27/2016,12:02:50 PM,instrument,OM_9-27-2016_10-33-40AM.OMN,,2,Phosphate,104,,ug P/L,54.3,3.98,Conc = 2.65e-5 * Area^3 - 3.13e-3 * Area^2 + 2.01 * Area + 0.207,50.7,31.3,104,104,104
AA19 TOP,Unknown,1,1,40,1,1,,,,9/27/2016,12:03:40 PM,instrument,OM_9-27-2016_10-33-40AM.OMN,,2,Phosphate,98.1,,ug P/L,51,2.19,Conc = 2.65e-5 * Area^3 - 3.13e-3 * Area^2 + 2.01 * Area + 0.207,62.3,35.1,98.1,98.1,98.1
Blank,Check Standard,1,5,S3,1,1,,,,9/27/2016,12:04:31 PM,instrument,OM_9-27-2016_10-33-40AM.OMN,,2,Phosphate,-1.09,-1.085457,ug P/L,-0.643,-0.013,Conc = 2.65e-5 * Area^3 - 3.13e-3 * Area^2 + 2.01 * Area + 0.207,47,18.6,-1.09,-1.09,-1.09
CCV,Check Standard,1,5,S2,1,4,,,,9/27/2016,12:07:14 PM,instrument,OM_9-27-2016_10-33-40AM.OMN,,2,Phosphate,50.9,50.85481,ug P/L,26,0.837,Conc = 2.65e-5 * Area^3 - 3.13e-3 * Area^2 + 2.01 * Area + 0.207,64.3,36.7,203,50.9,203
AA19 BOT,Unknown,1,1,41,1,1,,,,9/27/2016,12:11:50 PM,instrument,OM_9-27-2016_10-33-40AM.OMN,,2,Phosphate,83.9,,ug P/L,43.5,3,Conc = 2.65e-5 * Area^3 - 3.13e-3 * Area^2 + 2.01 * Area + 0.207,65.6,34.6,83.9,83.9,83.9
N12 TOP,Unknown,1,1,42,1,1,,,,9/27/2016,12:12:40 PM,instrument,OM_9-27-2016_10-33-40AM.OMN,,2,Phosphate,94,,ug P/L,48.9,3.21,Conc = 2.65e-5 * Area^3 - 3.13e-3 * Area^2 + 2.01 * Area + 0.207,66.8,34.6,94,94,94
R14 TOP,Unknown,1,1,43,1,1,,,,9/27/2016,12:13:31 PM,instrument,OM_9-27-2016_10-33-40AM.OMN,,2,Phosphate,12.8,,ug P/L,6.31,-0.939,Conc = 2.65e-5 * Area^3 - 3.13e-3 * Area^2 + 2.01 * Area + 0.207,136,136,12.8,12.8,12.8
Q14 TOP,Unknown,1,1,44,1,1,,,,9/27/2016,12:14:20 PM,instrument,OM_9-27-2016_10-33-40AM.OMN,,2,Phosphate,679,,ug P/L,242,9.28,Conc = 2.65e-5 * Area^3 - 3.13e-3 * Area^2 + 2.01 * Area + 0.207,36.3,25.6,679,679,679
Q14 BOT,Unknown,1,1,45,1,1,,,,9/27/2016,12:15:10 PM,instrument,OM_9-27-2016_10-33-40AM.OMN,,2,Phosphate,78.9,,ug P/L,40.9,3.22,Conc = 2.65e-5 * Area^3 - 3.13e-3 * Area^2 + 2.01 * Area + 0.207,48.7,30.5,78.9,78.9,78.9
AC16 TOP,Unknown,1,1,46,1,1,,,,9/27/2016,12:16:02 PM,instrument,OM_9-27-2016_10-33-40AM.OMN,,2,Phosphate,207,,ug P/L,105,6.68,Conc = 2.65e-5 * Area^3 - 3.13e-3 * Area^2 + 2.01 * Area + 0.207,43.7,28.5,207,207,207
AC16 BOT,Unknown,1,1,47,1,1,,,,9/27/2016,12:16:55 PM,instrument,OM_9-27-2016_10-33-40AM.OMN,,2,Phosphate,134,,ug P/L,69.6,4.29,Conc = 2.65e-5 * Area^3 - 3.13e-3 * Area^2 + 2.01 * Area + 0.207,54,30.5,134,134,134
U11 TOP,Unknown,1,1,48,1,1,,,,9/27/2016,12:17:47 PM,instrument,OM_9-27-2016_10-33-40AM.OMN,,2,Phosphate,590,,ug P/L,224,6.92,Conc = 2.65e-5 * Area^3 - 3.13e-3 * Area^2 + 2.01 * Area + 0.207,67.6,30.5,590,590,590
X19 TOP,Unknown,1,1,49,1,1,,,,9/27/2016,12:18:38 PM,instrument,OM_9-27-2016_10-33-40AM.OMN,,2,Phosphate,134,,ug P/L,69.9,4.6,Conc = 2.65e-5 * Area^3 - 3.13e-3 * Area^2 + 2.01 * Area + 0.207,49.9,31.3,134,134,134
BLANK 2,Unknown,1,1,50,1,1,,,,9/27/2016,12:19:29 PM,instrument,OM_9-27-2016_10-33-40AM.OMN,,2,Phosphate,133,,ug P/L,69,5.06,Conc = 2.65e-5 * Area^3 - 3.13e-3 * Area^2 + 2.01 * Area + 0.207,47.8,29.7,133,133,133
Blank,Check Standard,1,6,S3,1,1,,,,9/27/2016,12:20:20 PM,instrument,OM_9-27-2016_10-33-40AM.OMN,,2,Phosphate,-0.446,-0.4462903,ug P/L,-0.325,-0.00569,Conc = 2.65e-5 * Area^3 - 3.13e-3 * Area^2 + 2.01 * Area + 0.207,48.7,21.4,-0.446,-0.446,-0.446
CCV,Check Standard,1,6,S2,1,4,,,,9/27/2016,12:23:03 PM,instrument,OM_9-27-2016_10-33-40AM.OMN,,2,Phosphate,51,50.96764,ug P/L,26.1,0.833,Conc = 2.65e-5 * Area^3 - 3.13e-3 * Area^2 + 2.01 * Area + 0.207,63.9,35.1,204,51,204
AB12 TOP,Unknown,1,1,51,1,1,,,,9/27/2016,12:27:40 PM,instrument,OM_9-27-2016_10-33-40AM.OMN,,2,Phosphate,83,,ug P/L,43,2.01,Conc = 2.65e-5 * Area^3 - 3.13e-3 * Area^2 + 2.01 * Area + 0.207,64.3,35.1,83,83,83
AB12 BOT,Unknown,1,1,52,1,1,,,,9/27/2016,12:28:31 PM,instrument,OM_9-27-2016_10-33-40AM.OMN,,2,Phosphate,-26.6,,ug P/L,-13,-3.07,Conc = 2.65e-5 * Area^3 - 3.13e-3 * Area^2 + 2.01 * Area + 0.207,139,133,-26.6,-26.6,-26.6
U19 TOP,Unknown,1,1,53,1,1,,,,9/27/2016,12:29:22 PM,instrument,OM_9-27-2016_10-33-40AM.OMN,,2,Phosphate,885,,ug P/L,278,8.8,Conc = 2.65e-5 * Area^3 - 3.13e-3 * Area^2 + 2.01 * Area + 0.207,72.2,26,885,885,885
U19 BOT,Unknown,1,1,54,1,1,,,,9/27/2016,12:30:14 PM,instrument,OM_9-27-2016_10-33-40AM.OMN,,2,Phosphate,11.4,,ug P/L,5.61,1.07,Conc = 2.65e-5 * Area^3 - 3.13e-3 * Area^2 + 2.01 * Area + 0.207,139,138,11.4,11.4,11.4
W6 TOP,Unknown,1,1,55,1,1,,,,9/27/2016,12:31:04 PM,instrument,OM_9-27-2016_10-33-40AM.OMN,,2,Phosphate,640,,ug P/L,234,8.35,Conc = 2.65e-5 * Area^3 - 3.13e-3 * Area^2 + 2.01 * Area + 0.207,36.7,26.4,640,640,640
W6 BOT,Unknown,1,1,56,1,1,,,,9/27/2016,12:31:54 PM,instrument,OM_9-27-2016_10-33-40AM.OMN,,2,Phosphate,31.3,,ug P/L,15.8,1.57,Conc = 2.65e-5 * Area^3 - 3.13e-3 * Area^2 + 2.01 * Area + 0.207,65.2,38.4,31.3,31.3,31.3
L14 TOP,Unknown,1,1,57,1,1,,,,9/27/2016,12:32:45 PM,instrument,OM_9-27-2016_10-33-40AM.OMN,,2,Phosphate,63.9,,ug P/L,32.9,3.01,Conc = 2.65e-5 * Area^3 - 3.13e-3 * Area^2 + 2.01 * Area + 0.207,66.8,36.7,63.9,63.9,63.9
L14 BOT,Unknown,1,1,58,1,1,,,,9/27/2016,12:33:35 PM,instrument,OM_9-27-2016_10-33-40AM.OMN,,2,Phosphate,51.8,,ug P/L,26.6,3.12,Conc = 2.65e-5 * Area^3 - 3.13e-3 * Area^2 + 2.01 * Area + 0.207,62.7,36.7,51.8,51.8,51.8
AC9 TOP,Unknown,1,1,59,1,1,,,,9/27/2016,12:34:25 PM,instrument,OM_9-27-2016_10-33-40AM.OMN,,2,Phosphate,-45,,ug P/L,-21.6,4.33,Conc = 2.65e-5 * Area^3 - 3.13e-3 * Area^2 + 2.01 * Area + 0.207,69.7,40.8,-45,-45,-45
AC9 BOT,Unknown,1,1,60,1,1,,,,9/27/2016,12:35:15 PM,instrument,OM_9-27-2016_10-33-40AM.OMN,,2,Phosphate,272,,ug P/L,132,6.04,Conc = 2.65e-5 * Area^3 - 3.13e-3 * Area^2 + 2.01 * Area + 0.207,41.6,32.2,272,272,272
Blank,Check Standard,1,7,S3,1,1,,,,9/27/2016,12:36:06 PM,instrument,OM_9-27-2016_10-33-40AM.OMN,,2,Phosphate,0.124,0.124329,ug P/L,-0.0412,-0.00236,Conc = 2.65e-5 * Area^3 - 3.13e-3 * Area^2 + 2.01 * Area + 0.207,31.8,18.6,0.124,0.124,0.124
CCV,Check Standard,1,7,S2,1,4,,,,9/27/2016,12:38:49 PM,instrument,OM_9-27-2016_10-33-40AM.OMN,,2,Phosphate,50.8,50.786,ug P/L,26,0.829,Conc = 2.65e-5 * Area^3 - 3.13e-3 * Area^2 + 2.01 * Area + 0.207,63.5,34.6,203,50.8,203
W15 TOP,Unknown,1,1,61,1,1,,,,9/27/2016,12:43:27 PM,instrument,OM_9-27-2016_10-33-40AM.OMN,,2,Phosphate,54.5,,ug P/L,28,6.95,Conc = 2.65e-5 * Area^3 - 3.13e-3 * Area^2 + 2.01 * Area + 0.207,42.1,29.7,54.5,54.5,54.5
W15 BOT,Unknown,1,1,62,1,1,,,,9/27/2016,12:44:19 PM,instrument,OM_9-27-2016_10-33-40AM.OMN,,2,Phosphate,838,,ug P/L,270,9.04,Conc = 2.65e-5 * Area^3 - 3.13e-3 * Area^2 + 2.01 * Area + 0.207,36.7,25.6,838,838,838
G7 TOP,Unknown,1,1,63,1,1,,,,9/27/2016,12:45:12 PM,instrument,OM_9-27-2016_10-33-40AM.OMN,,2,Phosphate,144,,ug P/L,74.7,4.56,Conc = 2.65e-5 * Area^3 - 3.13e-3 * Area^2 + 2.01 * Area + 0.207,43.3,29.3,144,144,144
G7 BOT,Unknown,1,1,64,1,1,,,,9/27/2016,12:46:03 PM,instrument,OM_9-27-2016_10-33-40AM.OMN,,2,Phosphate,74,,ug P/L,38.2,2.38,Conc = 2.65e-5 * Area^3 - 3.13e-3 * Area^2 + 2.01 * Area + 0.207,49.9,30.9,74,74,74
S18 TOP,Unknown,1,1,65,1,1,,,,9/27/2016,12:46:54 PM,instrument,OM_9-27-2016_10-33-40AM.OMN,,2,Phosphate,151,,ug P/L,78.5,5.09,Conc = 2.65e-5 * Area^3 - 3.13e-3 * Area^2 + 2.01 * Area + 0.207,45.8,28.9,151,151,151
S18 BOT,Unknown,1,1,66,1,1,,,,9/27/2016,12:47:46 PM,instrument,OM_9-27-2016_10-33-40AM.OMN,,2,Phosphate,26.3,,ug P/L,13.2,0.557,Conc = 2.65e-5 * Area^3 - 3.13e-3 * Area^2 + 2.01 * Area + 0.207,66.8,38.8,26.3,26.3,26.3
V7 TOP,Unknown,1,1,67,1,1,,,,9/27/2016,12:48:37 PM,instrument,OM_9-27-2016_10-33-40AM.OMN,,2,Phosphate,51.2,,ug P/L,26.2,0.967,Conc = 2.65e-5 * Area^3 - 3.13e-3 * Area^2 + 2.01 * Area + 0.207,61.9,37.9,51.2,51.2,51.2
V7 BOT,Unknown,1,1,68,1,1,,,,9/27/2016,12:49:28 PM,instrument,OM_9-27-2016_10-33-40AM.OMN,,2,Phosphate,45.6,,ug P/L,23.2,2.37,Conc = 2.65e-5 * Area^3 - 3.13e-3 * Area^2 + 2.01 * Area + 0.207,66,35.5,45.6,45.6,45.6
F8 TOP,Unknown,1,1,69,1,1,,,,9/27/2016,12:50:19 PM,instrument,OM_9-27-2016_10-33-40AM.OMN,,2,Phosphate,57.8,,ug P/L,29.7,1.01,Conc = 2.65e-5 * Area^3 - 3.13e-3 * Area^2 + 2.01 * Area + 0.207,63.1,46.2,57.8,57.8,57.8
F8 BOT,Unknown,1,1,70,1,1,,,,9/27/2016,12:51:10 PM,instrument,OM_9-27-2016_10-33-40AM.OMN,,2,Phosphate,30.4,,ug P/L,15.4,0.889,Conc = 2.65e-5 * Area^3 - 3.13e-3 * Area^2 + 2.01 * Area + 0.207,63.5,37.1,30.4,30.4,30.4
Blank,Check Standard,1,8,S3,1,1,,,,9/27/2016,12:52:01 PM,instrument,OM_9-27-2016_10-33-40AM.OMN,,2,Phosphate,-0.706,-0.7058057,ug P/L,-0.454,-0.00717,Conc = 2.65e-5 * Area^3 - 3.13e-3 * Area^2 + 2.01 * Area + 0.207,44.5,18.6,-0.706,-0.706,-0.706
CCV,Check Standard,1,8,S2,1,4,,,,9/27/2016,12:54:43 PM,instrument,OM_9-27-2016_10-33-40AM.OMN,,2,Phosphate,50.8,50.75548,ug P/L,26,0.827,Conc = 2.65e-5 * Area^3 - 3.13e-3 * Area^2 + 2.01 * Area + 0.207,63.9,36.3,203,50.8,203
T19 TOP,Unknown,1,1,71,1,1,,,,9/27/2016,12:59:20 PM,instrument,OM_9-27-2016_10-33-40AM.OMN,,2,Phosphate,82.1,,ug P/L,42.6,2.09,Conc = 2.65e-5 * Area^3 - 3.13e-3 * Area^2 + 2.01 * Area + 0.207,66.8,35.1,82.1,82.1,82.1
T19 BOT,Unknown,1,1,72,1,1,,,,9/27/2016,1:00:11 PM,instrument,OM_9-27-2016_10-33-40AM.OMN,,2,Phosphate,-19.5,,ug P/L,-9.63,0.787,Conc = 2.65e-5 * Area^3 - 3.13e-3 * Area^2 + 2.01 * Area + 0.207,135,65.6,-19.5,-19.5,-19.5
Q16 TOP,Unknown,1,1,73,1,1,,,,9/27/2016,1:01:01 PM,instrument,OM_9-27-2016_10-33-40AM.OMN,,2,Phosphate,39.3,,ug P/L,19.9,0.951,Conc = 2.65e-5 * Area^3 - 3.13e-3 * Area^2 + 2.01 * Area + 0.207,66,28.9,39.3,39.3,39.3
Q16 BOT,Unknown,1,1,74,1,1,,,,9/27/2016,1:01:51 PM,instrument,OM_9-27-2016_10-33-40AM.OMN,,2,Phosphate,27.1,,ug P/L,13.7,0.482,Conc = 2.65e-5 * Area^3 - 3.13e-3 * Area^2 + 2.01 * Area + 0.207,65.6,38.4,27.1,27.1,27.1
BLANK 3,Unknown,1,1,75,1,1,,,,9/27/2016,1:02:42 PM,instrument,OM_9-27-2016_10-33-40AM.OMN,,2,Phosphate,-125,,ug P/L,-55.5,-0.954,Conc = 2.65e-5 * Area^3 - 3.13e-3 * Area^2 + 2.01 * Area + 0.207,137,18.6,-125,-125,-125
N17 TOP,Unknown,1,1,76,1,1,,,,9/27/2016,1:03:34 PM,instrument,OM_9-27-2016_10-33-40AM.OMN,,2,Phosphate,1150,,ug P/L,315,10.3,Conc = 2.65e-5 * Area^3 - 3.13e-3 * Area^2 + 2.01 * Area + 0.207,48.2,28.5,1150,1150,1150
N17 BOT,Unknown,1,1,77,1,1,,,,9/27/2016,1:04:26 PM,instrument,OM_9-27-2016_10-33-40AM.OMN,,2,Phosphate,1410,,ug P/L,345,9.86,Conc = 2.65e-5 * Area^3 - 3.13e-3 * Area^2 + 2.01 * Area + 0.207,65.2,35.9,1410,1410,1410
AA21 TOP,Unknown,1,1,78,1,1,,,,9/27/2016,1:05:18 PM,instrument,OM_9-27-2016_10-33-40AM.OMN,,2,Phosphate,117,,ug P/L,60.7,4.32,Conc = 2.65e-5 * Area^3 - 3.13e-3 * Area^2 + 2.01 * Area + 0.207,51.1,31.8,117,117,117
AA21 BOT,Unknown,1,1,79,1,1,,,,9/27/2016,1:06:10 PM,instrument,OM_9-27-2016_10-33-40AM.OMN,,2,Phosphate,92.4,,ug P/L,48,2.33,Conc = 2.65e-5 * Area^3 - 3.13e-3 * Area^2 + 2.01 * Area + 0.207,56.5,33,92.4,92.4,92.4
AF19 TOP,Unknown,1,1,80,1,1,,,,9/27/2016,1:07:02 PM,instrument,OM_9-27-2016_10-33-40AM.OMN,,2,Phosphate,101,,ug P/L,52.4,2.57,Conc = 2.65e-5 * Area^3 - 3.13e-3 * Area^2 + 2.01 * Area + 0.207,59.8,34.2,101,101,101
Blank,Check Standard,1,9,S3,1,1,,,,9/27/2016,1:07:53 PM,instrument,OM_9-27-2016_10-33-40AM.OMN,,2,Phosphate,-0.406,-0.4056589,ug P/L,-0.305,-0.00964,Conc = 2.65e-5 * Area^3 - 3.13e-3 * Area^2 + 2.01 * Area + 0.207,41.2,18.6,-0.406,-0.406,-0.406
CCV,Check Standard,1,9,S2,1,4,,,,9/27/2016,1:10:35 PM,instrument,OM_9-27-2016_10-33-40AM.OMN,,2,Phosphate,50.6,50.60942,ug P/L,25.9,0.827,Conc = 2.65e-5 * Area^3 - 3.13e-3 * Area^2 + 2.01 * Area + 0.207,63.5,35.9,202,50.6,202
AF19 BOT,Unknown,1,1,81,1,1,,,,9/27/2016,1:15:13 PM,instrument,OM_9-27-2016_10-33-40AM.OMN,,2,Phosphate,47.2,,ug P/L,24.1,1.84,Conc = 2.65e-5 * Area^3 - 3.13e-3 * Area^2 + 2.01 * Area + 0.207,67.6,35.1,47.2,47.2,47.2
Y6 TOP,Unknown,1,1,82,1,1,,,,9/27/2016,1:16:04 PM,instrument,OM_9-27-2016_10-33-40AM.OMN,,2,Phosphate,78.3,,ug P/L,40.6,3.05,Conc = 2.65e-5 * Area^3 - 3.13e-3 * Area^2 + 2.01 * Area + 0.207,61.4,31.3,78.3,78.3,78.3
Y6 BOT,Unknown,1,1,83,1,1,,,,9/27/2016,1:16:55 PM,instrument,OM_9-27-2016_10-33-40AM.OMN,,2,Phosphate,62.5,,ug P/L,32.2,4.76,Conc = 2.65e-5 * Area^3 - 3.13e-3 * Area^2 + 2.01 * Area + 0.207,59.4,41.6,62.5,62.5,62.5
T18 TOP,Unknown,1,1,84,1,1,,,,9/27/2016,1:17:46 PM,instrument,OM_9-27-2016_10-33-40AM.OMN,,2,Phosphate,120,,ug P/L,62.3,3.58,Conc = 2.65e-5 * Area^3 - 3.13e-3 * Area^2 + 2.01 * Area + 0.207,55.3,30.9,120,120,120
T18 BOT,Unknown,1,1,85,1,1,,,,9/27/2016,1:18:37 PM,instrument,OM_9-27-2016_10-33-40AM.OMN,,2,Phosphate,76.2,,ug P/L,39.4,1.76,Conc = 2.65e-5 * Area^3 - 3.13e-3 * Area^2 + 2.01 * Area + 0.207,53.6,33,76.2,76.2,76.2
T20 TOP,Unknown,1,1,86,1,1,,,,9/27/2016,1:19:29 PM,instrument,OM_9-27-2016_10-33-40AM.OMN,,2,Phosphate,160,,ug P/L,82.8,4.38,Conc = 2.65e-5 * Area^3 - 3.13e-3 * Area^2 + 2.01 * Area + 0.207,65.6,33,160,160,160
T20 BOT,Unknown,1,1,87,1,1,,,,9/27/2016,1:20:19 PM,instrument,OM_9-27-2016_10-33-40AM.OMN,,2,Phosphate,142,,ug P/L,73.7,6.08,Conc = 2.65e-5 * Area^3 - 3.13e-3 * Area^2 + 2.01 * Area + 0.207,47.8,29.3,142,142,142
G12 TOP,Unknown,1,1,88,1,1,,,,9/27/2016,1:21:10 PM,instrument,OM_9-27-2016_10-33-40AM.OMN,,2,Phosphate,113,,ug P/L,59.1,3.35,Conc = 2.65e-5 * Area^3 - 3.13e-3 * Area^2 + 2.01 * Area + 0.207,68.5,38.8,113,113,113
G12 BOT,Unknown,1,1,89,1,1,,,,9/27/2016,1:22:00 PM,instrument,OM_9-27-2016_10-33-40AM.OMN,,2,Phosphate,75.8,,ug P/L,39.2,3.22,Conc = 2.65e-5 * Area^3 - 3.13e-3 * Area^2 + 2.01 * Area + 0.207,51.1,31.3,75.8,75.8,75.8
H7 TOP,Unknown,1,1,90,1,1,,,,9/27/2016,1:22:51 PM,instrument,OM_9-27-2016_10-33-40AM.OMN,,2,Phosphate,147,,ug P/L,76.2,5.23,Conc = 2.65e-5 * Area^3 - 3.13e-3 * Area^2 + 2.01 * Area + 0.207,58.1,37.5,147,147,147
Blank,Check Standard,1,10,S3,1,1,,,,9/27/2016,1:23:41 PM,instrument,OM_9-27-2016_10-33-40AM.OMN,,2,Phosphate,-0.332,-0.3324643,ug P/L,-0.268,-0.00834,Conc = 2.65e-5 * Area^3 - 3.13e-3 * Area^2 + 2.01 * Area + 0.207,42.9,18.6,-0.332,-0.332,-0.332
CCV,Check Standard,1,10,S2,1,4,,,,9/27/2016,1:26:26 PM,instrument,OM_9-27-2016_10-33-40AM.OMN,,2,Phosphate,50.4,50.41325,ug P/L,25.8,0.82,Conc = 2.65e-5 * Area^3 - 3.13e-3 * Area^2 + 2.01 * Area + 0.207,64.3,35.9,202,50.4,202
H7 BOT,Unknown,1,1,91,1,1,,,,9/27/2016,1:31:05 PM,instrument,OM_9-27-2016_10-33-40AM.OMN,,2,Phosphate,18.2,,ug P/L,9.06,0.288,Conc = 2.65e-5 * Area^3 - 3.13e-3 * Area^2 + 2.01 * Area + 0.207,65.2,45.4,18.2,18.2,18.2
AE7 TOP,Unknown,1,1,92,1,1,,,,9/27/2016,1:31:57 PM,instrument,OM_9-27-2016_10-33-40AM.OMN,,2,Phosphate,74.8,,ug P/L,38.7,2.95,Conc = 2.65e-5 * Area^3 - 3.13e-3 * Area^2 + 2.01 * Area + 0.207,63.5,33.8,74.8,74.8,74.8
AE7 BOT,Unknown,1,1,93,1,1,,,,9/27/2016,1:32:49 PM,instrument,OM_9-27-2016_10-33-40AM.OMN,,2,Phosphate,74.3,,ug P/L,38.4,3.3,Conc = 2.65e-5 * Area^3 - 3.13e-3 * Area^2 + 2.01 * Area + 0.207,54.8,31.8,74.3,74.3,74.3
K15 TOP,Unknown,1,1,94,1,1,,,,9/27/2016,1:33:41 PM,instrument,OM_9-27-2016_10-33-40AM.OMN,,2,Phosphate,138,,ug P/L,71.8,5.35,Conc = 2.65e-5 * Area^3 - 3.13e-3 * Area^2 + 2.01 * Area + 0.207,44.9,29.3,138,138,138
K15 BOT,Unknown,1,1,95,1,1,,,,9/27/2016,1:34:33 PM,instrument,OM_9-27-2016_10-33-40AM.OMN,,2,Phosphate,35.9,,ug P/L,18.2,2.29,Conc = 2.65e-5 * Area^3 - 3.13e-3 * Area^2 + 2.01 * Area + 0.207,59.4,42.5,35.9,35.9,35.9
U8 TOP,Unknown,1,1,96,1,1,,,,9/27/2016,1:35:26 PM,instrument,OM_9-27-2016_10-33-40AM.OMN,,2,Phosphate,90.9,,ug P/L,47.2,2.49,Conc = 2.65e-5 * Area^3 - 3.13e-3 * Area^2 + 2.01 * Area + 0.207,62.7,42.9,90.9,90.9,90.9
U8 BOT,Unknown,1,1,97,1,1,,,,9/27/2016,1:36:18 PM,instrument,OM_9-27-2016_10-33-40AM.OMN,,2,Phosphate,33.7,,ug P/L,17.1,1.85,Conc = 2.65e-5 * Area^3 - 3.13e-3 * Area^2 + 2.01 * Area + 0.207,58.1,37.1,33.7,33.7,33.7
U6 TOP,Unknown,1,1,98,1,1,,,,9/27/2016,1:37:09 PM,instrument,OM_9-27-2016_10-33-40AM.OMN,,2,Phosphate,58.8,,ug P/L,30.2,1.98,Conc = 2.65e-5 * Area^3 - 3.13e-3 * Area^2 + 2.01 * Area + 0.207,66,46.6,58.8,58.8,58.8
U6 BOT,Unknown,1,1,99,1,1,,,,9/27/2016,1:38:00 PM,instrument,OM_9-27-2016_10-33-40AM.OMN,,2,Phosphate,64.8,,ug P/L,33.4,3.4,Conc = 2.65e-5 * Area^3 - 3.13e-3 * Area^2 + 2.01 * Area + 0.207,54.8,35.5,64.8,64.8,64.8
BLANK 4,Unknown,1,1,100,1,1,,,,9/27/2016,1:38:52 PM,instrument,OM_9-27-2016_10-33-40AM.OMN,,2,Phosphate,80,,ug P/L,41.5,3.8,Conc = 2.65e-5 * Area^3 - 3.13e-3 * Area^2 + 2.01 * Area + 0.207,48.2,36.3,80,80,80
Blank,Check Standard,1,11,S3,1,1,,,,9/27/2016,1:39:42 PM,instrument,OM_9-27-2016_10-33-40AM.OMN,,2,Phosphate,-0.426,-0.426082,ug P/L,-0.315,-0.00573,Conc = 2.65e-5 * Area^3 - 3.13e-3 * Area^2 + 2.01 * Area + 0.207,46.2,18.6,-0.426,-0.426,-0.426
CCV,Check Standard,1,11,S2,1,4,,,,9/27/2016,1:42:27 PM,instrument,OM_9-27-2016_10-33-40AM.OMN,,2,Phosphate,50.4,50.35205,ug P/L,25.8,0.817,Conc = 2.65e-5 * Area^3 - 3.13e-3 * Area^2 + 2.01 * Area + 0.207,64.3,35.9,201,50.4,201
W16 BOT,Unknown,1,2,10,1,10,,,,9/27/2016,1:48:57 PM,instrument,OM_9-27-2016_10-33-40AM.OMN,,2,Phosphate,3.74,,ug P/L,1.76,0.0529,Conc = 2.65e-5 * Area^3 - 3.13e-3 * Area^2 + 2.01 * Area + 0.207,64.3,37.9,37.4,3.74,37.4
AA11 BOT,Unknown,1,2,14,1,10,,,,9/27/2016,1:51:40 PM,instrument,OM_9-27-2016_10-33-40AM.OMN,,2,Phosphate,5.53,,ug P/L,2.66,0.276,Conc = 2.65e-5 * Area^3 - 3.13e-3 * Area^2 + 2.01 * Area + 0.207,118,114,55.3,5.53,55.3
R10 TOP,Unknown,1,2,16,1,10,,,,9/27/2016,1:54:28 PM,instrument,OM_9-27-2016_10-33-40AM.OMN,,2,Phosphate,14.2,,ug P/L,7.02,0.198,Conc = 2.65e-5 * Area^3 - 3.13e-3 * Area^2 + 2.01 * Area + 0.207,72.2,39.6,142,14.2,142
V14 TOP,Unknown,1,2,18,1,10,,,,9/27/2016,1:57:14 PM,instrument,OM_9-27-2016_10-33-40AM.OMN,,2,Phosphate,4.63,,ug P/L,2.21,0.0642,Conc = 2.65e-5 * Area^3 - 3.13e-3 * Area^2 + 2.01 * Area + 0.207,65.2,37.5,46.3,4.63,46.3
J6 BOT,Unknown,1,2,20,1,10,,,,9/27/2016,1:59:59 PM,instrument,OM_9-27-2016_10-33-40AM.OMN,,2,Phosphate,2.83,,ug P/L,1.31,0.0386,Conc = 2.65e-5 * Area^3 - 3.13e-3 * Area^2 + 2.01 * Area + 0.207,64.3,38.4,28.3,2.83,28.3
H8 TOP,Unknown,1,2,23,1,10,,,,9/27/2016,2:02:44 PM,instrument,OM_9-27-2016_10-33-40AM.OMN,,2,Phosphate,11.7,,ug P/L,5.77,0.177,Conc = 2.65e-5 * Area^3 - 3.13e-3 * Area^2 + 2.01 * Area + 0.207,64.3,37.1,117,11.7,117
Q14 BOT,Unknown,1,2,44,1,10,,,,9/27/2016,2:05:27 PM,instrument,OM_9-27-2016_10-33-40AM.OMN,,2,Phosphate,2.84,,ug P/L,1.31,0.0385,Conc = 2.65e-5 * Area^3 - 3.13e-3 * Area^2 + 2.01 * Area + 0.207,64.7,38.4,28.4,2.84,28.4
X19 TOP,Unknown,1,2,48,1,10,,,,9/27/2016,2:08:14 PM,instrument,OM_9-27-2016_10-33-40AM.OMN,,2,Phosphate,36.9,,ug P/L,18.7,0.587,Conc = 2.65e-5 * Area^3 - 3.13e-3 * Area^2 + 2.01 * Area + 0.207,64.3,37.1,369,36.9,369
W6 TOP,Unknown,1,2,53,1,10,,,,9/27/2016,2:10:58 PM,instrument,OM_9-27-2016_10-33-40AM.OMN,,2,Phosphate,10.9,,ug P/L,5.37,0.162,Conc = 2.65e-5 * Area^3 - 3.13e-3 * Area^2 + 2.01 * Area + 0.207,64.3,36.7,109,10.9,109
L14 TOP,Unknown,1,2,55,1,10,,,,9/27/2016,2:13:43 PM,instrument,OM_9-27-2016_10-33-40AM.OMN,,2,Phosphate,4.97,,ug P/L,2.38,0.0705,Conc = 2.65e-5 * Area^3 - 3.13e-3 * Area^2 + 2.01 * Area + 0.207,64.7,37.5,49.7,4.97,49.7
Blank,Check Standard,1,12,S3,1,1,,,,9/27/2016,2:14:33 PM,instrument,OM_9-27-2016_10-33-40AM.OMN,,2,Phosphate,-0.000544,-5.44E-04,ug P/L,-0.103,-0.00279,Conc = 2.65e-5 * Area^3 - 3.13e-3 * Area^2 + 2.01 * Area + 0.207,42.5,19.4,-0.000544,-0.000544,-0.000544
CCV,Check Standard,1,12,S2,1,4,,,,9/27/2016,2:17:16 PM,instrument,OM_9-27-2016_10-33-40AM.OMN,,2,Phosphate,50,49.95044,ug P/L,25.6,0.809,Conc = 2.65e-5 * Area^3 - 3.13e-3 * Area^2 + 2.01 * Area + 0.207,64.3,35.5,200,50,200
G7 BOT,Unknown,1,2,62,1,10,,,,9/27/2016,2:23:48 PM,instrument,OM_9-27-2016_10-33-40AM.OMN,,2,Phosphate,4.05,,ug P/L,1.92,0.0574,Conc = 2.65e-5 * Area^3 - 3.13e-3 * Area^2 + 2.01 * Area + 0.207,63.9,37.9,40.5,4.05,40.5
AA21 BOT,Unknown,1,2,76,1,10,,,,9/27/2016,2:26:36 PM,instrument,OM_9-27-2016_10-33-40AM.OMN,,2,Phosphate,63.3,,ug P/L,32.6,1.03,Conc = 2.65e-5 * Area^3 - 3.13e-3 * Area^2 + 2.01 * Area + 0.207,64.3,36.3,633,63.3,633
AF19 TOP,Unknown,1,2,77,1,10,,,,9/27/2016,2:29:25 PM,instrument,OM_9-27-2016_10-33-40AM.OMN,,2,Phosphate,90.4,,ug P/L,46.9,1.5,Conc = 2.65e-5 * Area^3 - 3.13e-3 * Area^2 + 2.01 * Area + 0.207,63.9,35.1,904,90.4,904
Blank,Check Standard,1,13,S3,1,1,,,,9/27/2016,2:34:01 PM,instrument,OM_9-27-2016_10-33-40AM.OMN,,2,Phosphate,0.127,0.126816,ug P/L,-0.0399,-0.00213,Conc = 2.65e-5 * Area^3 - 3.13e-3 * Area^2 + 2.01 * Area + 0.207,42.5,22.7,0.127,0.127,0.127
CCV,Check Standard,1,13,S2,1,4,,,,9/27/2016,2:36:46 PM,instrument,OM_9-27-2016_10-33-40AM.OMN,,2,Phosphate,50.5,50.54024,ug P/L,25.9,0.817,Conc = 2.65e-5 * Area^3 - 3.13e-3 * Area^2 + 2.01 * Area + 0.207,64.7,36.7,202,50.5,202
