start,end,today,audit,audit_URL,site,survey_type,date,_id,_uuid,_submission_time,_validation_status,_notes,_status,_submitted_by,__version__,_tags,_index
2023-03-07 14:21:57,2023-10-03 11:57:59,2023-03-07,audit.csv,http://kc.kobotoolbox.org/media/original?media_file=caplter%2Fattachments%2F158e2ea65cd34cb4849e3d4befdf7fac%2Fdd7a6615-abb0-4acc-b446-6a427e26e54c%2Faudit.csv,X18,plot,2023-10-03,224011493,a6be3bfb-a58a-46ee-94be-f8d235c9e4e9,2023-03-09 17:32:48,,,submitted_via_web,caplter_leia,v4LsTiWkeaaVTdFe7usig9,,1
2023-03-08 14:22:12,2023-03-08 16:01:03,2023-03-08,audit.csv,https://kc.kobotoolbox.org/media/original?media_file=caplter%2Fattachments%2F158e2ea65cd34cb4849e3d4befdf7fac%2Fc7c18994-f5a9-41c1-8034-d54bc3ea6d91%2Faudit.csv,W19,plot,2023-03-08,224011506,c7c18994-f5a9-41c1-8034-d54bc3ea6d91,2023-03-09 17:32:52,,,submitted_via_web,caplter_leia,v4LsTiWkeaaVTdFe7usig9,,2
2023-03-24 10:30:09,2023-10-03 09:48:07,2023-03-24,audit.csv,http://kc.kobotoolbox.org/media/original?media_file=caplter%2Fattachments%2F158e2ea65cd34cb4849e3d4befdf7fac%2F42aeedad-4724-493b-9246-efab42b30c0e%2Faudit.csv,K12,plot,2023-10-03,228115618,8c82844f-5845-4827-b106-59cd42ac2dc9,2023-03-27 14:58:27,,,submitted_via_web,caplter_leia,v4LsTiWkeaaVTdFe7usig9,,3
2023-03-29 12:43:36,2023-10-03 09:47:00,2023-03-29,audit.csv,http://kc.kobotoolbox.org/media/original?media_file=caplter%2Fattachments%2F158e2ea65cd34cb4849e3d4befdf7fac%2Fd17f06f7-f4e6-4bac-b302-013f23cd58a9%2Faudit.csv,F12,plot,2023-10-03,229301493,63e17ec2-ef8f-442d-a76a-f1d317b261a1,2023-03-31 21:03:42,,,submitted_via_web,caplter_leia,v4LsTiWkeaaVTdFe7usig9,,4
2023-04-04 12:52:04,2023-10-03 09:42:39,2023-04-04,audit.csv,http://kc.kobotoolbox.org/media/original?media_file=caplter%2Fattachments%2F158e2ea65cd34cb4849e3d4befdf7fac%2Fee2bc8e5-9315-4dd3-b687-8950d3aea956%2Faudit.csv,U20,plot,2023-10-03,230550253,0cb467e9-2738-42e3-97d5-598f6133d579,2023-04-06 23:40:40,,,submitted_via_web,caplter_leia,v4LsTiWkeaaVTdFe7usig9,,5
2023-04-05 11:54:24,2023-10-03 09:39:20,2023-04-05,audit.csv,http://kc.kobotoolbox.org/media/original?media_file=caplter%2Fattachments%2F158e2ea65cd34cb4849e3d4befdf7fac%2F03ee11c2-f660-4804-9f2b-fc8ff593743d%2Faudit.csv,AF14,plot,2023-10-03,230550263,52f60fcf-72ac-4837-bf98-9eb188ff3f5f,2023-04-06 23:40:52,,,submitted_via_web,caplter_leia,v4LsTiWkeaaVTdFe7usig9,,6
2023-04-06 11:54:15,2023-10-03 09:35:17,2023-04-06,audit.csv,http://kc.kobotoolbox.org/media/original?media_file=caplter%2Fattachments%2F158e2ea65cd34cb4849e3d4befdf7fac%2F8eb54845-620d-41af-a518-79e10359a585%2Faudit.csv,V19,plot,2023-10-03,230550271,e36bfbec-5f0b-4fef-bca7-87912a9bdf69,2023-04-06 23:41:06,,,submitted_via_web,caplter_leia,v4LsTiWkeaaVTdFe7usig9,,7
2023-04-07 12:19:51,2023-10-03 09:32:18,2023-04-07,audit.csv,http://kc.kobotoolbox.org/media/original?media_file=caplter%2Fattachments%2F158e2ea65cd34cb4849e3d4befdf7fac%2Fe10db6ab-d907-45ec-86a3-762adece2e4b%2Faudit.csv,AF12,plot,2023-10-03,230692621,826dd644-0a65-4abb-8009-784b97346dc4,2023-04-07 21:02:30,,,submitted_via_web,caplter_leia,v4LsTiWkeaaVTdFe7usig9,,8
2023-04-10 11:34:05,2023-10-03 09:30:03,2023-04-10,audit.csv,http://kc.kobotoolbox.org/media/original?media_file=caplter%2Fattachments%2F158e2ea65cd34cb4849e3d4befdf7fac%2F61a2cb96-caa2-4878-8f48-c86ea6eae6e2%2Faudit.csv,T21,plot,2023-10-03,231097263,83c89f3a-f1b1-4f16-9974-5b327c0daf43,2023-04-10 21:17:07,,,submitted_via_web,caplter_leia,v4LsTiWkeaaVTdFe7usig9,,9
2023-04-12 09:43:55,2023-04-12 10:28:30,2023-04-12,audit.csv,https://kc.kobotoolbox.org/media/original?media_file=caplter%2Fattachments%2F158e2ea65cd34cb4849e3d4befdf7fac%2F54458818-9129-459a-ab0d-602a7a00a442%2Faudit.csv,I17,plot,2023-04-12,231587223,54458818-9129-459a-ab0d-602a7a00a442,2023-04-12 19:14:42,,,submitted_via_web,caplter_leia,v4P3qsoNR2RRmpL9pidzEM,,10
2023-04-14 09:00:53,2023-04-14 10:19:28,2023-04-14,audit.csv,https://kc.kobotoolbox.org/media/original?media_file=caplter%2Fattachments%2F158e2ea65cd34cb4849e3d4befdf7fac%2F62da1bbd-9dd1-4b73-8202-8ca7e84edaa3%2Faudit.csv,V20,plot,2023-04-14,232043444,62da1bbd-9dd1-4b73-8202-8ca7e84edaa3,2023-04-14 19:35:37,,,submitted_via_web,caplter_leia,v4P3qsoNR2RRmpL9pidzEM,,11
2023-04-13 10:47:29,2023-04-13 13:55:53,2023-04-13,audit.csv,https://kc.kobotoolbox.org/media/original?media_file=caplter%2Fattachments%2F158e2ea65cd34cb4849e3d4befdf7fac%2F078b0e43-956e-47b0-9e29-d845cc2bff8d%2Faudit.csv,X15,plot,2023-04-13,232043671,078b0e43-956e-47b0-9e29-d845cc2bff8d,2023-04-14 19:36:49,,,submitted_via_web,caplter_leia,v4P3qsoNR2RRmpL9pidzEM,,12
2023-04-18 12:58:32,2023-04-18 13:46:00,2023-04-18,audit.csv,https://kc.kobotoolbox.org/media/original?media_file=caplter%2Fattachments%2F158e2ea65cd34cb4849e3d4befdf7fac%2Fe02d45f1-2f41-4f3d-8ff1-876ce3b26b7f%2Faudit.csv,U13,plot,2023-04-18,232791284,e02d45f1-2f41-4f3d-8ff1-876ce3b26b7f,2023-04-18 22:26:36,,,submitted_via_web,caplter_leia,v4P3qsoNR2RRmpL9pidzEM,,13
2023-04-19 13:20:49,2023-04-19 13:46:01,2023-04-19,audit.csv,https://kc.kobotoolbox.org/media/original?media_file=caplter%2Fattachments%2F158e2ea65cd34cb4849e3d4befdf7fac%2Ff44ab6c8-a839-4590-a83e-37aad4a228f1%2Faudit.csv,U8,plot,2023-04-19,233017244,f44ab6c8-a839-4590-a83e-37aad4a228f1,2023-04-19 22:19:55,,,submitted_via_web,caplter_leia,v4P3qsoNR2RRmpL9pidzEM,,14
2023-04-20 13:37:40,2023-04-20 18:12:42,2023-04-20,audit.csv,https://kc.kobotoolbox.org/media/original?media_file=caplter%2Fattachments%2F158e2ea65cd34cb4849e3d4befdf7fac%2F3b9e6e6f-530b-4af9-8daa-a1108328a7c4%2Faudit.csv,AC7,plot,2023-04-20,233240006,3b9e6e6f-530b-4af9-8daa-a1108328a7c4,2023-04-21 01:13:00,,,submitted_via_web,caplter_luke,v4P3qsoNR2RRmpL9pidzEM,,15
2023-04-21 09:26:20,2023-04-21 09:39:34,2023-04-21,audit.csv,https://kc.kobotoolbox.org/media/original?media_file=caplter%2Fattachments%2F158e2ea65cd34cb4849e3d4befdf7fac%2Febada9b5-7e52-4e87-930d-874666de241b%2Faudit.csv,T20,plot,2023-04-21,233367517,ebada9b5-7e52-4e87-930d-874666de241b,2023-04-21 18:59:51,,,submitted_via_web,caplter_leia,v4P3qsoNR2RRmpL9pidzEM,,16
2023-04-24 10:55:20,2023-04-24 12:14:03,2023-04-24,audit.csv,https://kc.kobotoolbox.org/media/original?media_file=caplter%2Fattachments%2F158e2ea65cd34cb4849e3d4befdf7fac%2F1409e5a2-27cb-46d9-a372-b66b098141d0%2Faudit.csv,AD10,plot,2023-04-24,233762335,1409e5a2-27cb-46d9-a372-b66b098141d0,2023-04-24 20:33:21,,,submitted_via_web,caplter_leia,v4P3qsoNR2RRmpL9pidzEM,,17
2023-04-25 10:55:08,2023-04-25 11:33:06,2023-04-25,audit.csv,https://kc.kobotoolbox.org/media/original?media_file=caplter%2Fattachments%2F158e2ea65cd34cb4849e3d4befdf7fac%2Fd03f77d5-78dc-4697-a3bc-2714b8a43932%2Faudit.csv,AB10,plot,2023-04-25,233989122,d03f77d5-78dc-4697-a3bc-2714b8a43932,2023-04-25 21:37:46,,,submitted_via_web,caplter_leia,v4P3qsoNR2RRmpL9pidzEM,,18
2023-04-26 08:56:50,2023-04-26 10:04:37,2023-04-26,audit.csv,https://kc.kobotoolbox.org/media/original?media_file=caplter%2Fattachments%2F158e2ea65cd34cb4849e3d4befdf7fac%2F96c5f024-fee5-4c3a-a8b7-37d38a62c3a4%2Faudit.csv,V7,plot,2023-04-26,234197090,96c5f024-fee5-4c3a-a8b7-37d38a62c3a4,2023-04-26 18:55:42,,,submitted_via_web,caplter_leia,v4P3qsoNR2RRmpL9pidzEM,,19
2023-04-27 11:58:44,2023-04-27 16:40:01,2023-04-27,audit.csv,https://kc.kobotoolbox.org/media/original?media_file=caplter%2Fattachments%2F158e2ea65cd34cb4849e3d4befdf7fac%2F166353ca-a78f-4475-9ab9-e7b6d479f91a%2Faudit.csv,Y19,plot,2023-04-27,234475963,166353ca-a78f-4475-9ab9-e7b6d479f91a,2023-04-27 23:50:20,,,submitted_via_web,caplter_leia,v4P3qsoNR2RRmpL9pidzEM,,20
2023-04-27 12:26:15,2023-04-27 13:08:32,2023-04-27,audit.csv,https://kc.kobotoolbox.org/media/original?media_file=caplter%2Fattachments%2F158e2ea65cd34cb4849e3d4befdf7fac%2Fd51b7dbe-083c-437d-8433-d888a7590f45%2Faudit.csv,Y19,parcel,2023-04-27,234475969,d51b7dbe-083c-437d-8433-d888a7590f45,2023-04-27 23:50:25,,,submitted_via_web,caplter_leia,v4P3qsoNR2RRmpL9pidzEM,,21
2023-04-27 15:06:46,2023-04-27 16:39:43,2023-04-27,audit.csv,https://kc.kobotoolbox.org/media/original?media_file=caplter%2Fattachments%2F158e2ea65cd34cb4849e3d4befdf7fac%2F9b94ff83-1172-4ef9-9024-32ee080afdbc%2Faudit.csv,AB19,plot,2023-04-27,234476006,9b94ff83-1172-4ef9-9024-32ee080afdbc,2023-04-27 23:50:55,,,submitted_via_web,caplter_leia,v4P3qsoNR2RRmpL9pidzEM,,22
2023-04-27 15:42:57,2023-04-27 15:58:54,2023-04-27,audit.csv,https://kc.kobotoolbox.org/media/original?media_file=caplter%2Fattachments%2F158e2ea65cd34cb4849e3d4befdf7fac%2F3705c3c9-e567-45ab-bbd9-afe0e5d11d4d%2Faudit.csv,AB19,parcel,2023-04-27,234476016,3705c3c9-e567-45ab-bbd9-afe0e5d11d4d,2023-04-27 23:51:01,,,submitted_via_web,caplter_leia,v4P3qsoNR2RRmpL9pidzEM,,23
2023-04-28 10:25:29,2023-04-28 13:30:32,2023-04-28,audit.csv,https://kc.kobotoolbox.org/media/original?media_file=caplter%2Fattachments%2F158e2ea65cd34cb4849e3d4befdf7fac%2F14abdccb-6a41-474c-8c5f-684d4eea545d%2Faudit.csv,J16,plot,2023-04-28,234697043,14abdccb-6a41-474c-8c5f-684d4eea545d,2023-04-28 20:30:47,,,submitted_via_web,caplter_leia,v4P3qsoNR2RRmpL9pidzEM,,24
2023-05-01 10:35:42,2023-05-01 11:04:54,2023-05-01,audit.csv,https://kc.kobotoolbox.org/media/original?media_file=caplter%2Fattachments%2F158e2ea65cd34cb4849e3d4befdf7fac%2F2ad717a8-74b4-40a7-b405-e7737eb85d7d%2Faudit.csv,AE18,parcel,2023-05-01,235173823,2ad717a8-74b4-40a7-b405-e7737eb85d7d,2023-05-01 19:02:23,,,submitted_via_web,caplter_luke,v4P3qsoNR2RRmpL9pidzEM,,25
2023-05-01 11:04:58,2023-05-01 11:11:44,2023-05-01,audit.csv,https://kc.kobotoolbox.org/media/original?media_file=caplter%2Fattachments%2F158e2ea65cd34cb4849e3d4befdf7fac%2Fe83a6141-06da-4dac-a6c8-779658ca30b1%2Faudit.csv,AE18,plot,2023-05-01,235173826,e83a6141-06da-4dac-a6c8-779658ca30b1,2023-05-01 19:02:26,,,submitted_via_web,caplter_luke,v4P3qsoNR2RRmpL9pidzEM,,26
2023-05-01 09:08:15,2023-05-01 09:16:51,2023-05-01,audit.csv,https://kc.kobotoolbox.org/media/original?media_file=caplter%2Fattachments%2F158e2ea65cd34cb4849e3d4befdf7fac%2Feb45db44-4979-47a6-95d5-7e50499907a3%2Faudit.csv,AD18,plot,2023-05-01,235173854,eb45db44-4979-47a6-95d5-7e50499907a3,2023-05-01 19:02:47,,,submitted_via_web,caplter_leia,v4P3qsoNR2RRmpL9pidzEM,,27
2023-05-02 11:45:18,2023-05-02 11:52:46,2023-05-02,audit.csv,https://kc.kobotoolbox.org/media/original?media_file=caplter%2Fattachments%2F158e2ea65cd34cb4849e3d4befdf7fac%2Ff427d0d4-99c2-4813-940e-1162eb1b0a49%2Faudit.csv,AB11,plot,2023-05-02,235419136,f427d0d4-99c2-4813-940e-1162eb1b0a49,2023-05-02 22:51:58,,,submitted_via_web,caplter_leia,v4P3qsoNR2RRmpL9pidzEM,,28
2023-05-03 11:56:04,2023-05-03 13:18:35,2023-05-03,audit.csv,https://kc.kobotoolbox.org/media/original?media_file=caplter%2Fattachments%2F158e2ea65cd34cb4849e3d4befdf7fac%2F7853cd41-b0d7-4ddb-9279-bf0919b69b45%2Faudit.csv,AE7,plot,2023-05-03,235664567,7853cd41-b0d7-4ddb-9279-bf0919b69b45,2023-05-03 22:14:22,,,submitted_via_web,caplter_leia,v4P3qsoNR2RRmpL9pidzEM,,29
2023-05-04 12:59:13,2023-05-04 13:30:00,2023-05-04,audit.csv,https://kc.kobotoolbox.org/media/original?media_file=caplter%2Fattachments%2F158e2ea65cd34cb4849e3d4befdf7fac%2Fdc7b6a3d-f781-4e25-90e3-b334aaf639bc%2Faudit.csv,AC11,plot,2023-05-04,235934297,dc7b6a3d-f781-4e25-90e3-b334aaf639bc,2023-05-04 22:29:30,,,submitted_via_web,caplter_leia,v4P3qsoNR2RRmpL9pidzEM,,30
2023-05-05 09:42:42,2023-05-05 10:01:05,2023-05-05,audit.csv,https://kc.kobotoolbox.org/media/original?media_file=caplter%2Fattachments%2F158e2ea65cd34cb4849e3d4befdf7fac%2F9e2849c2-9a53-4de2-ba66-33d6c6e38ce9%2Faudit.csv,AD19,plot,2023-05-05,236187133,9e2849c2-9a53-4de2-ba66-33d6c6e38ce9,2023-05-05 21:40:08,,,submitted_via_web,caplter_leia,v4P3qsoNR2RRmpL9pidzEM,,31
2023-05-08 11:41:55,2023-05-08 11:52:46,2023-05-08,audit.csv,https://kc.kobotoolbox.org/media/original?media_file=caplter%2Fattachments%2F158e2ea65cd34cb4849e3d4befdf7fac%2F7fcdf9a6-88aa-490b-b7d9-adbd997799c3%2Faudit.csv,S20,plot,2023-05-08,236786581,7fcdf9a6-88aa-490b-b7d9-adbd997799c3,2023-05-08 22:52:45,,,submitted_via_web,caplter_leia,v4P3qsoNR2RRmpL9pidzEM,,32
2023-05-08 14:42:20,2023-05-08 15:08:05,2023-05-08,audit.csv,https://kc.kobotoolbox.org/media/original?media_file=caplter%2Fattachments%2F158e2ea65cd34cb4849e3d4befdf7fac%2F0ee842d7-1aa9-4ce1-944e-3579b13b2566%2Faudit.csv,V18,plot,2023-05-08,236786634,0ee842d7-1aa9-4ce1-944e-3579b13b2566,2023-05-08 22:53:02,,,submitted_via_web,caplter_luke,v4P3qsoNR2RRmpL9pidzEM,,33
2023-05-08 15:08:10,2023-05-08 15:52:24,2023-05-08,audit.csv,https://kc.kobotoolbox.org/media/original?media_file=caplter%2Fattachments%2F158e2ea65cd34cb4849e3d4befdf7fac%2F45d3cc04-4a28-4bb3-a4ed-469e36213f93%2Faudit.csv,V18,parcel,2023-05-08,236786639,45d3cc04-4a28-4bb3-a4ed-469e36213f93,2023-05-08 22:53:04,,,submitted_via_web,caplter_luke,v4P3qsoNR2RRmpL9pidzEM,,34
2023-05-09 12:06:37,2023-05-09 12:23:14,2023-05-09,audit.csv,https://kc.kobotoolbox.org/media/original?media_file=caplter%2Fattachments%2F158e2ea65cd34cb4849e3d4befdf7fac%2F9a732175-aab5-499c-8719-6301e58522a2%2Faudit.csv,Y20,plot,2023-05-09,237037139,9a732175-aab5-499c-8719-6301e58522a2,2023-05-09 20:05:02,,,submitted_via_web,caplter_luke,v4P3qsoNR2RRmpL9pidzEM,,35
2023-05-09 09:40:38,2023-05-09 10:05:38,2023-05-09,audit.csv,https://kc.kobotoolbox.org/media/original?media_file=caplter%2Fattachments%2F158e2ea65cd34cb4849e3d4befdf7fac%2F805b6afb-2495-4739-8b22-bb59ef0a498d%2Faudit.csv,W21,plot,2023-05-09,237037257,805b6afb-2495-4739-8b22-bb59ef0a498d,2023-05-09 20:05:29,,,submitted_via_web,caplter_leia,v4P3qsoNR2RRmpL9pidzEM,,36
2023-05-10 15:17:01,2023-05-10 15:35:41,2023-05-10,audit.csv,https://kc.kobotoolbox.org/media/original?media_file=caplter%2Fattachments%2F158e2ea65cd34cb4849e3d4befdf7fac%2F87b418f3-0eae-4775-899a-a165e8846e09%2Faudit.csv,Z18,plot,2023-05-10,237347860,87b418f3-0eae-4775-899a-a165e8846e09,2023-05-10 23:05:03,,,submitted_via_web,caplter_vader,v4P3qsoNR2RRmpL9pidzEM,,37
2023-05-10 12:40:49,2023-05-10 13:07:40,2023-05-10,audit.csv,https://kc.kobotoolbox.org/media/original?media_file=caplter%2Fattachments%2F158e2ea65cd34cb4849e3d4befdf7fac%2Fab7c85ff-337b-49fd-b279-677f9b49327d%2Faudit.csv,Z21,plot,2023-05-10,237347879,ab7c85ff-337b-49fd-b279-677f9b49327d,2023-05-10 23:05:26,,,submitted_via_web,caplter_leia,v4P3qsoNR2RRmpL9pidzEM,,38
2023-05-10 13:06:13,2023-05-10 13:36:43,2023-05-10,audit.csv,https://kc.kobotoolbox.org/media/original?media_file=caplter%2Fattachments%2F158e2ea65cd34cb4849e3d4befdf7fac%2Fb90e7731-57d7-4925-9f3a-4013eb4156dc%2Faudit.csv,Z21,parcel,2023-05-10,237347882,b90e7731-57d7-4925-9f3a-4013eb4156dc,2023-05-10 23:05:32,,,submitted_via_web,caplter_leia,v4P3qsoNR2RRmpL9pidzEM,,39
2023-05-11 10:43:46,2023-05-11 10:50:42,2023-05-11,audit.csv,https://kc.kobotoolbox.org/media/original?media_file=caplter%2Fattachments%2F158e2ea65cd34cb4849e3d4befdf7fac%2F6c9058ce-9485-42f9-956d-e1b6444be556%2Faudit.csv,N12,parcel,2023-05-11,237622030,6c9058ce-9485-42f9-956d-e1b6444be556,2023-05-11 22:35:02,,,submitted_via_web,caplter_leia,v4P3qsoNR2RRmpL9pidzEM,,40
2023-05-11 10:05:40,2023-05-11 10:51:04,2023-05-11,audit.csv,https://kc.kobotoolbox.org/media/original?media_file=caplter%2Fattachments%2F158e2ea65cd34cb4849e3d4befdf7fac%2Fc205aff7-a70f-4259-8a9e-be0a0d035d1f%2Faudit.csv,N12,plot,2023-05-11,237622043,c205aff7-a70f-4259-8a9e-be0a0d035d1f,2023-05-11 22:35:16,,,submitted_via_web,caplter_vader,v4P3qsoNR2RRmpL9pidzEM,,41
2023-05-11 12:17:12,2023-05-11 14:14:00,2023-05-11,audit.csv,https://kc.kobotoolbox.org/media/original?media_file=caplter%2Fattachments%2F158e2ea65cd34cb4849e3d4befdf7fac%2Fdb5e3fae-ad26-4bc3-a3ca-765e6ad529f0%2Faudit.csv,L13,plot,2023-05-11,237622123,db5e3fae-ad26-4bc3-a3ca-765e6ad529f0,2023-05-11 22:36:08,,,submitted_via_web,caplter_luke,v4P3qsoNR2RRmpL9pidzEM,,42
2023-05-12 09:29:52,2023-05-12 09:48:56,2023-05-12,audit.csv,https://kc.kobotoolbox.org/media/original?media_file=caplter%2Fattachments%2F158e2ea65cd34cb4849e3d4befdf7fac%2F96b7099a-3fd5-42c2-a692-0999dc4da1e6%2Faudit.csv,Q12,plot,2023-05-12,237856812,96b7099a-3fd5-42c2-a692-0999dc4da1e6,2023-05-12 20:15:39,,,submitted_via_web,caplter_leia,v4P3qsoNR2RRmpL9pidzEM,,43
2023-05-12 11:51:44,2023-05-12 12:00:46,2023-05-12,audit.csv,https://kc.kobotoolbox.org/media/original?media_file=caplter%2Fattachments%2F158e2ea65cd34cb4849e3d4befdf7fac%2Fa545d397-7a79-4f23-8cf6-48610c4e2346%2Faudit.csv,T16,plot,2023-05-12,237856899,a545d397-7a79-4f23-8cf6-48610c4e2346,2023-05-12 20:16:18,,,submitted_via_web,caplter_leia,v4P3qsoNR2RRmpL9pidzEM,,44
2023-05-15 11:24:23,2023-05-15 16:22:02,2023-05-15,audit.csv,http://kc.kobotoolbox.org/media/original?media_file=caplter%2Fattachments%2F158e2ea65cd34cb4849e3d4befdf7fac%2F9073d1d2-99e0-48b4-8ebf-62c79c936926%2Faudit.csv,S9,plot,2023-05-15,238459324,b3a81468-45f9-45e5-b6be-9721d48258a2,2023-05-15 22:51:59,,,submitted_via_web,caplter_leia,v4P3qsoNR2RRmpL9pidzEM,,45
2023-05-15 12:03:04,2023-05-15 16:21:45,2023-05-15,audit.csv,http://kc.kobotoolbox.org/media/original?media_file=caplter%2Fattachments%2F158e2ea65cd34cb4849e3d4befdf7fac%2Ff636237f-b323-4835-b36a-f6aaed8bd473%2Faudit.csv,S9,parcel,2023-05-15,238459334,f2c50a36-629d-4952-87c3-69ee6fc4108d,2023-05-15 22:52:07,,,submitted_via_web,caplter_leia,v4P3qsoNR2RRmpL9pidzEM,,46
2023-05-15 14:37:53,2023-05-15 14:47:27,2023-05-15,audit.csv,https://kc.kobotoolbox.org/media/original?media_file=caplter%2Fattachments%2F158e2ea65cd34cb4849e3d4befdf7fac%2Fc2f653b4-e0ae-4e53-ad91-cb124f8264c7%2Faudit.csv,R16,plot,2023-05-15,238459696,c2f653b4-e0ae-4e53-ad91-cb124f8264c7,2023-05-15 22:57:27,,,submitted_via_web,caplter_luke,v4P3qsoNR2RRmpL9pidzEM,,47
2023-05-16 10:43:21,2023-05-16 11:36:44,2023-05-16,audit.csv,https://kc.kobotoolbox.org/media/original?media_file=caplter%2Fattachments%2F158e2ea65cd34cb4849e3d4befdf7fac%2Fbe6f2976-b848-452c-b177-01b104a45778%2Faudit.csv,U12,plot,2023-05-16,238730377,be6f2976-b848-452c-b177-01b104a45778,2023-05-16 22:45:36,,,submitted_via_web,caplter_vader,v4P3qsoNR2RRmpL9pidzEM,,48
2023-05-16 11:40:18,2023-05-16 12:19:49,2023-05-16,audit.csv,https://kc.kobotoolbox.org/media/original?media_file=caplter%2Fattachments%2F158e2ea65cd34cb4849e3d4befdf7fac%2Fa6223d80-8281-4bc1-91bf-e8bc5ec9909c%2Faudit.csv,U12,parcel,2023-05-16,238730590,a6223d80-8281-4bc1-91bf-e8bc5ec9909c,2023-05-16 22:46:46,,,submitted_via_web,caplter_vader,v4P3qsoNR2RRmpL9pidzEM,,49
2023-05-16 14:04:05,2023-05-16 14:49:57,2023-05-16,audit.csv,https://kc.kobotoolbox.org/media/original?media_file=caplter%2Fattachments%2F158e2ea65cd34cb4849e3d4befdf7fac%2Ffb4f540e-6004-44a6-9155-7e9a4c8d21a8%2Faudit.csv,V12,parcel,2023-05-16,238730611,fb4f540e-6004-44a6-9155-7e9a4c8d21a8,2023-05-16 22:47:09,,,submitted_via_web,caplter_vader,v4P3qsoNR2RRmpL9pidzEM,,50
2023-05-16 14:50:02,2023-05-16 14:54:16,2023-05-16,audit.csv,https://kc.kobotoolbox.org/media/original?media_file=caplter%2Fattachments%2F158e2ea65cd34cb4849e3d4befdf7fac%2F4cc75f42-dd7a-4df8-bc59-7f8e52706740%2Faudit.csv,V12,plot,2023-05-16,238730614,4cc75f42-dd7a-4df8-bc59-7f8e52706740,2023-05-16 22:47:13,,,submitted_via_web,caplter_vader,v4P3qsoNR2RRmpL9pidzEM,,51
2023-05-17 10:40:05,2023-05-17 11:06:16,2023-05-17,audit.csv,https://kc.kobotoolbox.org/media/original?media_file=caplter%2Fattachments%2F158e2ea65cd34cb4849e3d4befdf7fac%2Fd528117f-7e4b-4048-8cb6-5d77a6de6397%2Faudit.csv,W11,plot,2023-05-17,239016148,d528117f-7e4b-4048-8cb6-5d77a6de6397,2023-05-17 23:31:08,,,submitted_via_web,caplter_vader,v4P3qsoNR2RRmpL9pidzEM,,52
2023-05-17 13:43:50,2023-05-17 14:57:20,2023-05-17,audit.csv,https://kc.kobotoolbox.org/media/original?media_file=caplter%2Fattachments%2F158e2ea65cd34cb4849e3d4befdf7fac%2Ffd63d220-b7ef-4a4c-8a96-9c28fd632bb8%2Faudit.csv,W15,plot,2023-05-17,239016255,fd63d220-b7ef-4a4c-8a96-9c28fd632bb8,2023-05-17 23:32:07,,,submitted_via_web,caplter_vader,v4P3qsoNR2RRmpL9pidzEM,,53
2023-05-17 14:57:25,2023-05-17 15:41:57,2023-05-17,audit.csv,https://kc.kobotoolbox.org/media/original?media_file=caplter%2Fattachments%2F158e2ea65cd34cb4849e3d4befdf7fac%2F2f1db2bf-89ff-4161-8e01-ab2d8a9095bc%2Faudit.csv,W15,parcel,2023-05-17,239016302,2f1db2bf-89ff-4161-8e01-ab2d8a9095bc,2023-05-17 23:32:54,,,submitted_via_web,caplter_vader,v4P3qsoNR2RRmpL9pidzEM,,54
2023-05-18 09:25:31,2023-05-18 09:31:27,2023-05-18,audit.csv,https://kc.kobotoolbox.org/media/original?media_file=caplter%2Fattachments%2F158e2ea65cd34cb4849e3d4befdf7fac%2F431ee751-ed19-413b-bafb-5a4705c0a22e%2Faudit.csv,M16,plot,2023-05-18,239287997,431ee751-ed19-413b-bafb-5a4705c0a22e,2023-05-18 22:21:41,,,submitted_via_web,caplter_leia,v4P3qsoNR2RRmpL9pidzEM,,55
2023-05-18 11:33:14,2023-05-18 11:38:41,2023-05-18,audit.csv,https://kc.kobotoolbox.org/media/original?media_file=caplter%2Fattachments%2F158e2ea65cd34cb4849e3d4befdf7fac%2Fd6171764-ebbe-40d5-9f7a-25da7d03811d%2Faudit.csv,N17,plot,2023-05-18,239288055,d6171764-ebbe-40d5-9f7a-25da7d03811d,2023-05-18 22:21:52,,,submitted_via_web,caplter_leia,v4P3qsoNR2RRmpL9pidzEM,,56
2023-05-19 11:26:30,2023-05-19 12:41:56,2023-05-19,audit.csv,https://kc.kobotoolbox.org/media/original?media_file=caplter%2Fattachments%2F158e2ea65cd34cb4849e3d4befdf7fac%2F528d307b-883a-475c-ba60-675bae9bf111%2Faudit.csv,Q16,plot,2023-05-19,239558972,528d307b-883a-475c-ba60-675bae9bf111,2023-05-19 20:26:12,,,submitted_via_web,caplter_leia,v4P3qsoNR2RRmpL9pidzEM,,57
2023-05-22 10:11:59,2023-05-22 10:15:20,2023-05-22,audit.csv,https://kc.kobotoolbox.org/media/original?media_file=caplter%2Fattachments%2F158e2ea65cd34cb4849e3d4befdf7fac%2Fb54e4689-344b-41a4-9487-a47915bef776%2Faudit.csv,M7,plot,2023-05-22,240183823,b54e4689-344b-41a4-9487-a47915bef776,2023-05-22 21:36:23,,,submitted_via_web,caplter_leia,v4P3qsoNR2RRmpL9pidzEM,,58
2023-05-23 11:53:04,2023-05-23 12:57:13,2023-05-23,audit.csv,https://kc.kobotoolbox.org/media/original?media_file=caplter%2Fattachments%2F158e2ea65cd34cb4849e3d4befdf7fac%2F3be1acf1-141b-43fd-9c43-b9a241cd6216%2Faudit.csv,T19,plot,2023-05-23,240459408,3be1acf1-141b-43fd-9c43-b9a241cd6216,2023-05-23 22:46:15,,,submitted_via_web,caplter_leia,v4P3qsoNR2RRmpL9pidzEM,,59
2023-05-23 14:33:29,2023-05-23 14:46:06,2023-05-23,audit.csv,https://kc.kobotoolbox.org/media/original?media_file=caplter%2Fattachments%2F158e2ea65cd34cb4849e3d4befdf7fac%2F51762d4c-5301-484e-ad3c-ad59fe8f87d3%2Faudit.csv,S16,plot,2023-05-23,240459436,51762d4c-5301-484e-ad3c-ad59fe8f87d3,2023-05-23 22:46:36,,,submitted_via_web,caplter_leia,v4P3qsoNR2RRmpL9pidzEM,,60
2023-05-24 10:47:04,2023-05-24 11:05:06,2023-05-24,audit.csv,https://kc.kobotoolbox.org/media/original?media_file=caplter%2Fattachments%2F158e2ea65cd34cb4849e3d4befdf7fac%2F256eb60a-3ead-426c-8efd-89f5cf5bc99f%2Faudit.csv,S12,parcel,2023-05-24,240721016,256eb60a-3ead-426c-8efd-89f5cf5bc99f,2023-05-24 19:32:38,,,submitted_via_web,caplter_leia,v4P3qsoNR2RRmpL9pidzEM,,61
2023-05-24 08:57:27,2023-05-24 09:11:23,2023-05-24,audit.csv,https://kc.kobotoolbox.org/media/original?media_file=caplter%2Fattachments%2F158e2ea65cd34cb4849e3d4befdf7fac%2F17d16a3d-7808-4633-92a5-1b6fabb64378%2Faudit.csv,V11,plot,2023-05-24,240721281,17d16a3d-7808-4633-92a5-1b6fabb64378,2023-05-24 19:33:31,,,submitted_via_web,caplter_leia,v4P3qsoNR2RRmpL9pidzEM,,62
2023-05-26 10:09:45,2023-05-26 10:23:58,2023-05-26,audit.csv,https://kc.kobotoolbox.org/media/original?media_file=caplter%2Fattachments%2F158e2ea65cd34cb4849e3d4befdf7fac%2F0955133c-0ec7-4262-b351-98faec2ba8b1%2Faudit.csv,Z17,plot,2023-05-26,241318670,0955133c-0ec7-4262-b351-98faec2ba8b1,2023-05-26 20:26:55,,,submitted_via_web,caplter_leia,v4P3qsoNR2RRmpL9pidzEM,,63
2023-05-26 12:12:27,2023-05-26 12:17:17,2023-05-26,audit.csv,https://kc.kobotoolbox.org/media/original?media_file=caplter%2Fattachments%2F158e2ea65cd34cb4849e3d4befdf7fac%2F27023eed-0cd5-4de7-94e5-835aa8292dc1%2Faudit.csv,AA17,plot,2023-05-26,241318697,27023eed-0cd5-4de7-94e5-835aa8292dc1,2023-05-26 20:27:00,,,submitted_via_web,caplter_leia,v4P3qsoNR2RRmpL9pidzEM,,64
2023-05-30 08:13:12,2023-05-30 11:23:56,2023-05-30,audit.csv,https://kc.kobotoolbox.org/media/original?media_file=caplter%2Fattachments%2F158e2ea65cd34cb4849e3d4befdf7fac%2F94819be7-0a18-4cdb-ad9f-01aace8fd61b%2Faudit.csv,AF23,parcel,2023-05-30,242318641,94819be7-0a18-4cdb-ad9f-01aace8fd61b,2023-05-30 23:39:14,,,submitted_via_web,caplter_leia,v4P3qsoNR2RRmpL9pidzEM,,65
2023-05-30 14:34:50,2023-05-30 15:11:07,2023-05-30,audit.csv,https://kc.kobotoolbox.org/media/original?media_file=caplter%2Fattachments%2F158e2ea65cd34cb4849e3d4befdf7fac%2Fb449f3ef-bfb4-4181-aad9-036ec13120ad%2Faudit.csv,AC22,parcel,2023-05-30,242318683,b449f3ef-bfb4-4181-aad9-036ec13120ad,2023-05-30 23:39:24,,,submitted_via_web,caplter_luke,v4P3qsoNR2RRmpL9pidzEM,,66
2023-05-30 13:24:08,2023-05-30 15:28:43,2023-05-30,audit.csv,https://kc.kobotoolbox.org/media/original?media_file=caplter%2Fattachments%2F158e2ea65cd34cb4849e3d4befdf7fac%2F393032eb-f651-4082-97f6-6150d9cf02f1%2Faudit.csv,AC22,plot,2023-05-30,242318885,393032eb-f651-4082-97f6-6150d9cf02f1,2023-05-30 23:40:35,,,submitted_via_web,caplter_leia,v4P3qsoNR2RRmpL9pidzEM,,67
2023-05-31 13:02:32,2023-05-31 13:20:32,2023-05-31,audit.csv,https://kc.kobotoolbox.org/media/original?media_file=caplter%2Fattachments%2F158e2ea65cd34cb4849e3d4befdf7fac%2F19bcbc95-1984-4af2-86a9-0687067fd450%2Faudit.csv,AE23,parcel,2023-05-31,242612633,19bcbc95-1984-4af2-86a9-0687067fd450,2023-05-31 21:54:51,,,submitted_via_web,caplter_leia,v4P3qsoNR2RRmpL9pidzEM,,68
2023-06-01 11:40:05,2023-06-01 13:11:02,2023-06-01,audit.csv,https://kc.kobotoolbox.org/media/original?media_file=caplter%2Fattachments%2F158e2ea65cd34cb4849e3d4befdf7fac%2Fc4820471-274d-4739-9c6e-3b01af42ca72%2Faudit.csv,AC20,plot,2023-06-01,242872043,c4820471-274d-4739-9c6e-3b01af42ca72,2023-06-01 21:10:17,,,submitted_via_web,caplter_vader,v4P3qsoNR2RRmpL9pidzEM,,69
2023-06-01 11:54:58,2023-06-01 12:57:45,2023-06-01,audit.csv,https://kc.kobotoolbox.org/media/original?media_file=caplter%2Fattachments%2F158e2ea65cd34cb4849e3d4befdf7fac%2F60873ebe-1775-4dbc-bd84-f630b6cad75c%2Faudit.csv,AC20,parcel,2023-06-01,242872052,60873ebe-1775-4dbc-bd84-f630b6cad75c,2023-06-01 21:10:22,,,submitted_via_web,caplter_vader,v4P3qsoNR2RRmpL9pidzEM,,70
2023-06-01 09:33:41,2023-06-01 09:38:28,2023-06-01,audit.csv,https://kc.kobotoolbox.org/media/original?media_file=caplter%2Fattachments%2F158e2ea65cd34cb4849e3d4befdf7fac%2F89107890-88e1-477e-9451-8db0a95750ba%2Faudit.csv,AC19,plot,2023-06-01,242872162,89107890-88e1-477e-9451-8db0a95750ba,2023-06-01 21:11:32,,,submitted_via_web,caplter_leia,v4P3qsoNR2RRmpL9pidzEM,,71
2023-06-02 09:14:39,2023-06-02 09:32:42,2023-06-02,audit.csv,https://kc.kobotoolbox.org/media/original?media_file=caplter%2Fattachments%2F158e2ea65cd34cb4849e3d4befdf7fac%2Fed2e8104-da60-4403-b7f5-466ffeff79d2%2Faudit.csv,AA21,parcel,2023-06-02,243103364,ed2e8104-da60-4403-b7f5-466ffeff79d2,2023-06-02 20:13:21,,,submitted_via_web,caplter_leia,v4P3qsoNR2RRmpL9pidzEM,,72
2023-06-02 12:04:53,2023-06-02 12:14:35,2023-06-02,audit.csv,https://kc.kobotoolbox.org/media/original?media_file=caplter%2Fattachments%2F158e2ea65cd34cb4849e3d4befdf7fac%2F7fa7bfe2-705d-4d72-aa67-dd3585f07de3%2Faudit.csv,AA19,plot,2023-06-02,243103413,7fa7bfe2-705d-4d72-aa67-dd3585f07de3,2023-06-02 20:13:38,,,submitted_via_web,caplter_leia,v4P3qsoNR2RRmpL9pidzEM,,73
2023-06-05 10:39:33,2023-06-05 10:51:03,2023-06-05,audit.csv,https://kc.kobotoolbox.org/media/original?media_file=caplter%2Fattachments%2F158e2ea65cd34cb4849e3d4befdf7fac%2F80efb202-04ae-4c7c-945f-e9077c6946a1%2Faudit.csv,AC16,plot,2023-06-05,243683726,80efb202-04ae-4c7c-945f-e9077c6946a1,2023-06-05 20:35:06,,,submitted_via_web,caplter_leia,v4P3qsoNR2RRmpL9pidzEM,,74
2023-06-05 12:39:32,2023-06-05 12:47:04,2023-06-05,audit.csv,https://kc.kobotoolbox.org/media/original?media_file=caplter%2Fattachments%2F158e2ea65cd34cb4849e3d4befdf7fac%2Fa5223cdd-e33e-4619-84c2-61aeb69ddda4%2Faudit.csv,AA18,plot,2023-06-05,243683809,a5223cdd-e33e-4619-84c2-61aeb69ddda4,2023-06-05 20:36:07,,,submitted_via_web,caplter_luke,v4P3qsoNR2RRmpL9pidzEM,,75
2023-06-06 09:41:16,2023-06-06 10:16:17,2023-06-06,audit.csv,https://kc.kobotoolbox.org/media/original?media_file=caplter%2Fattachments%2F158e2ea65cd34cb4849e3d4befdf7fac%2F3c702358-9e0d-4228-b0a4-57ea0be8206b%2Faudit.csv,AB17,parcel,2023-06-06,243952609,3c702358-9e0d-4228-b0a4-57ea0be8206b,2023-06-06 19:43:26,,,submitted_via_web,caplter_luke,v4P3qsoNR2RRmpL9pidzEM,,76
2023-06-08 11:08:54,2023-06-08 11:19:11,2023-06-08,audit.csv,https://kc.kobotoolbox.org/media/original?media_file=caplter%2Fattachments%2F158e2ea65cd34cb4849e3d4befdf7fac%2F954ed763-4663-4765-a097-07f3d933d610%2Faudit.csv,V9,plot,2023-06-08,244537394,954ed763-4663-4765-a097-07f3d933d610,2023-06-08 21:44:17,,,submitted_via_web,caplter_leia,v4P3qsoNR2RRmpL9pidzEM,,77
2023-06-08 13:18:24,2023-06-08 13:49:09,2023-06-08,audit.csv,https://kc.kobotoolbox.org/media/original?media_file=caplter%2Fattachments%2F158e2ea65cd34cb4849e3d4befdf7fac%2F3c377280-5c09-43f4-89ed-af22f5d42692%2Faudit.csv,W9,plot,2023-06-08,244537413,3c377280-5c09-43f4-89ed-af22f5d42692,2023-06-08 21:44:33,,,submitted_via_web,caplter_leia,v4P3qsoNR2RRmpL9pidzEM,,78
2023-06-12 12:25:57,2023-06-12 13:17:05,2023-06-12,audit.csv,https://kc.kobotoolbox.org/media/original?media_file=caplter%2Fattachments%2F158e2ea65cd34cb4849e3d4befdf7fac%2F481f75ca-b74b-4cf0-b5b5-9495588dee56%2Faudit.csv,F19,parcel,2023-06-12,245354353,481f75ca-b74b-4cf0-b5b5-9495588dee56,2023-06-12 21:59:50,,,submitted_via_web,caplter_leia,v4P3qsoNR2RRmpL9pidzEM,,79
2023-06-13 11:10:24,2023-06-13 11:18:24,2023-06-13,audit.csv,https://kc.kobotoolbox.org/media/original?media_file=caplter%2Fattachments%2F158e2ea65cd34cb4849e3d4befdf7fac%2Fffc5c6a7-be69-4475-8d4e-88b9c0062bab%2Faudit.csv,X16,plot,2023-06-13,245604270,ffc5c6a7-be69-4475-8d4e-88b9c0062bab,2023-06-13 19:11:44,,,submitted_via_web,caplter_leia,v4P3qsoNR2RRmpL9pidzEM,,80
2023-06-14 08:50:40,2023-06-14 09:12:28,2023-06-14,audit.csv,https://kc.kobotoolbox.org/media/original?media_file=caplter%2Fattachments%2F158e2ea65cd34cb4849e3d4befdf7fac%2F0c3c260e-ce84-4ef5-b1a5-8653cc24669b%2Faudit.csv,F15,plot,2023-06-14,245922260,0c3c260e-ce84-4ef5-b1a5-8653cc24669b,2023-06-14 21:33:31,,,submitted_via_web,caplter_leia,v4P3qsoNR2RRmpL9pidzEM,,81
2023-06-14 12:10:19,2023-06-14 12:38:28,2023-06-14,audit.csv,https://kc.kobotoolbox.org/media/original?media_file=caplter%2Fattachments%2F158e2ea65cd34cb4849e3d4befdf7fac%2Ffff59907-b45b-4dae-8079-fcf31f0c481c%2Faudit.csv,R14,plot,2023-06-14,245922276,fff59907-b45b-4dae-8079-fcf31f0c481c,2023-06-14 21:33:40,,,submitted_via_web,caplter_leia,v4P3qsoNR2RRmpL9pidzEM,,82
2023-06-15 10:04:35,2023-06-15 10:11:32,2023-06-15,audit.csv,https://kc.kobotoolbox.org/media/original?media_file=caplter%2Fattachments%2F158e2ea65cd34cb4849e3d4befdf7fac%2Fb4c32a01-b19d-4acd-a871-0f27d425f5cb%2Faudit.csv,U14,plot,2023-06-15,246214029,b4c32a01-b19d-4acd-a871-0f27d425f5cb,2023-06-15 20:14:07,,,submitted_via_web,caplter_leia,v4P3qsoNR2RRmpL9pidzEM,,83
2023-06-15 12:17:43,2023-06-15 12:38:54,2023-06-15,audit.csv,https://kc.kobotoolbox.org/media/original?media_file=caplter%2Fattachments%2F158e2ea65cd34cb4849e3d4befdf7fac%2F66541193-8507-45e6-aa26-0dca95aaf9b4%2Faudit.csv,W16,plot,2023-06-15,246214132,66541193-8507-45e6-aa26-0dca95aaf9b4,2023-06-15 20:14:51,,,submitted_via_web,caplter_leia,v4P3qsoNR2RRmpL9pidzEM,,84
2023-06-16 07:02:43,2023-06-16 09:35:05,2023-06-16,audit.csv,https://kc.kobotoolbox.org/media/original?media_file=caplter%2Fattachments%2F158e2ea65cd34cb4849e3d4befdf7fac%2F5e34ae8c-8c91-4ff4-8149-0d396e4bf839%2Faudit.csv,W18,plot,2023-06-16,246489831,5e34ae8c-8c91-4ff4-8149-0d396e4bf839,2023-06-16 20:35:11,,,submitted_via_web,caplter_leia,v4P3qsoNR2RRmpL9pidzEM,,85
2023-06-16 07:38:10,2023-06-16 09:32:42,2023-06-16,audit.csv,https://kc.kobotoolbox.org/media/original?media_file=caplter%2Fattachments%2F158e2ea65cd34cb4849e3d4befdf7fac%2Ff8df6626-3a5d-4cb6-b689-a95e4b7c7703%2Faudit.csv,W18,parcel,2023-06-16,246489854,f8df6626-3a5d-4cb6-b689-a95e4b7c7703,2023-06-16 20:35:16,,,submitted_via_web,caplter_leia,v4P3qsoNR2RRmpL9pidzEM,,86
2023-06-16 11:27:59,2023-06-16 11:58:32,2023-06-16,audit.csv,https://kc.kobotoolbox.org/media/original?media_file=caplter%2Fattachments%2F158e2ea65cd34cb4849e3d4befdf7fac%2F0dfee1b7-90e2-4f85-907e-d6d84ea3f6bc%2Faudit.csv,U15,plot,2023-06-16,246489929,0dfee1b7-90e2-4f85-907e-d6d84ea3f6bc,2023-06-16 20:35:47,,,submitted_via_web,caplter_leia,v4P3qsoNR2RRmpL9pidzEM,,87
